Reaction,Flux
23CN2P1,0.0
23CN2P2,0.0
23CN2P3,0.0
23CN2P4,0.0
26DPAi,0.0
3AMBAt2,0.0
3NUCLE1,0.0
3NUCLE2,0.0
3NUCLE3,0.0
3NUCLE4,0.0
ABTA,0.03974232094448276
ABUTD,0.0
MACCOAT,0.0
ACACT1r,2.8322671901120664
ACACT2r,-0.12093656809943813
ACACT3r,-0.12093656809943817
ACACT4r,-0.12093656809943817
ACACT5r_1,-0.12093656809943817
ACACT6r_1,-0.12093656809943817
ACACT7r,-0.09826096158079344
ACCOAC,3.4164580488091407
ACGK,0.0
ACHBS,0.15755049472295457
ACLS,2.2238696141966017
ACOAD1,4.829095530614682
ACOADH2,0.0
ACOAD2,0.12093656809943815
ACOAD20,0.0
ACOAD3,0.12093656809943817
ACOAD4_1,-0.12093656809943817
ACOAD5_1,-0.12093656809943816
ACOAD6,0.12093656809943816
ACOAD7,0.09826096158079344
ACODA_1,0.0
ACONT,0.0
ACOTA,0.0
ACPS1,0.0
ACPpds,0.0
ACS,0.0
ACS2,0.0
ACTD2,0.0
ADADir,0.0
ADCS,0.0
ADD,0.0
ADK1,0.0
ADK2,0.0
ADMDC,0.0
ADNK1,0.0
ADNt2,-0.1813380281690141
ADPDA,-0.3576149673031058
ADPRDP,0.0
ADPT,0.0
ADSL1r,-0.03782574267177117
ADSL2r,0.0
ADSS,0.03782574267177117
AGMT,0.0
AGPATr_BS,-0.37792677531074576
AGPR,0.0
AHCYSNS,0.0
AHMMPS_1,0.0
AHSERL3,0.0
AHSERL4,0.0
AICART,0.0
AIRC1,0.0
ALAALAr,0.2613437410216943
ALAD_L,0.0
ALAR,0.0
ALATA_L,0.0
DALAt2r,0.0
ALAt2r,0.0
ALCD19y,2.068235888863686
ALCD19_L,0.0
ALCD2y,0.0
ALDD10,0.0
ALDD11,0.0
ALDD12,0.0
ALDD13,0.0
ALDD14,0.0
ALDD15,0.0
ALDD16,0.0
ALDD17,0.0
ALDD18,0.0
ALDD1,0.0
ALDD20x_1,0.0
ALDD2x,0.0
ALDD3,0.0
GLXO1,0.0
ALDD31_1,0.0
ALDD32,0.0
ALDD4,0.0
ALDD4x,0.0
ALDD5,0.0
ALDD6,0.0
ALDD7,0.0
ALDD8,0.0
ALDD9,0.0
ALLTN,2.312410733880474
AMAOTr,0.0
AMMQT7,0.0
ANPRT,0.0
ANS,0.0
ANTIMt1,0.0
AOXSr,0.0
APATi,0.35761496730310594
APRAUR,0.0
APSR,0.0
APTA1i,0.35761496730310594
ARABRr,0.0
ARGDC,0.0
ARGN_1,1.2882751741883174
ARGSL,-2.5800802109034726
ARGSS,0.0
ARGabc,0.9941314553990611
ARSNAt1,0.0
ARSt1,0.0
ASAD,0.0
ASNS1,0.0
ASPCT,0.0
ASPK,-1.4119864848218855
ASPO6,0.0
ASPO1,0.0
ASPT,0.0
ASPTA,-3.73122527622962
ATPPRT,0.0
BETALDHx,0.0
BILEt4,0.0
BTDD_RR,0.0
BTS_1,0.0
CA2abc1,0.0
CAT,1.2361951279996424
CAt4,0.0
CBPS,0.0
CD2abc1,0.0
CD2t4,0.0
CDGPT_BS,0.07305647701174266
CDPDSP_BS,0.19669051503161486
CDPMEK,0.0
CHOLD2,0.0
CHORM,0.5189988525250216
CHORS,0.0
CITt10,0.31415352231733956
CITt11,0.0
CITt12,0.0
CITt13,0.0
CITt14,0.0
CITt15,0.0
CLPNS2_BS,0.001756165312782276
CPPPGO,0.0
CRO4t3,0.0
CS,0.3895739106371765
CSNt2,0.2834507042253521
CTPS1,0.0
CTPS2,0.3107414256372865
CYOR3m,0.0
CYSS_2,0.0
CYSTGL,0.1575504947229546
CYSTL,0.0
CYSTS,0.1575504947229546
CYTB_B2,0.0
CYTD,0.38561265575115666
CYTDK1,0.0
CYTDK2,0.0
ITCY,0.0
CYTDt2,0.0
CYTK1,0.0
CYTK2,0.0
Cut1,0.0
DAAOP,0.0
DADK,-1.3094356394895728
DADNK,1.3094356394895728
DAGK_BS,0.0
DDPA,0.0
DALAOX,0.0
DAPDC,0.0
DAPE,0.3576149673031058
DB4PS,0.0
DCMPDA,0.0
CMPDAi,0.0
DCYTD,0.0
DDGLK,0.0
DGK1,-2.3048995764777236
DGNSK,2.304899576477723
DHAD1,2.223869614196602
DHAD2,0.15755049472295454
DHAD3,0.0
DHBD,0.0
DHDPRy,0.3576149673031059
DHDPS,0.35761496730310594
FOLR2,12.394596288521473
DHFR,12.394596288521472
DHFS,0.0
DHNPA_1,0.0
DHORTS,0.0
DHPPDA,0.0
FOLD3,0.0
DHQS,0.0
DINSK,0.0
DIPEPabc1,0.0
DIPEPabc10,0.0
DIPEPabc11,0.0
DIPEPabc12,0.0
DIPEPabc13,0.0
DIPEPabc14,0.0
DIPEPabc15,0.0
DIPEPabc2,0.0
DIPEPabc3,0.0
DIPEPabc4,0.0
DIPEPabc5,0.0
DIPEPabc6,0.0
DIPEPabc7,0.0
DIPEPabc8,0.0
DIPEPabc9,0.0
DKII,0.0
DKMD2K,0.0
DKMD3M,0.0
DM1PE,0.0
DMATT,0.0009342799464001702
DMPPS,0.0009342799464001702
DPCOAK,0.0
DRBK,0.0
DRPA,-0.7898630178044623
DTMPK,-0.04448850258566355
DURIK1,0.0
DURIPP,-2.8689607007484947
DXPRIi,0.006539959624801191
DXPS,0.006539959624801192
ECOAH1_1,-1.7457651798192027
ECOAH2,0.12093656809943813
ECOAH2c,0.0
ECOAH3,0.12093656809943816
ECOAH4,0.12093656809943817
ECOAH5_1,0.12093656809943816
ECOAH6,0.12093656809943819
ECOAH7,0.09826096158079344
ECOAH9ir,0.0
EDA,17.84321388332318
ENO,-12.31759281689072
FRUK,0.0
FACOAL140,0.0
FACOAL140_ISO,-0.007558535506214915
FACOAL150_ISO,-0.1511707101242983
FACOAL150_anteiso,-0.2569902072113071
FACOAL160,0.022675606518644243
FACOAL160_ISO,-0.03779267753107458
FACOAL161,0.0
FACOAL161_ISO,0.0
FACOAL170_ISO,-0.052909748543504415
FACOAL170_anteiso,-0.12849510360565355
FACOAL171_ISO,0.0
FACOAL171_anteiso,0.0
FACOAL180_2,-0.022675606518644743
FACOAL181,0.0
FBA,0.0
FBA2,0.0
FDH,0.0
FDMO_1,0.0
FDMO1,0.0
FDMO2_1,0.0
FDMO3_1,0.0
FDMO4_1,0.0
FDMO5_1,0.0
FDMO6_1,0.0
FEDCabc,0.0
FERRICHabc,0.0
FERXAabc,0.0
FGLU_1,0.0
FLVR_1,0.0
FMETDF,0.0
FMETTRS_1,0.0
FMNAT,4.315438416003582e-16
FMNRy,0.0
HEX7,0.0
FTHFD,0.0
FUM,6.788672594609984
G1Dx,0.0
G1PACT,0.7781356296440949
G1PPDM,0.0
G3PD1ir,0.0
G3PD4,0.0
G5SD,0.0
G6PDA,0.0
G6PI,0.0
ABUTt2r,0.0
GALUi,0.8837550703514244
GAPDi_nadp,0.0
GARFT,0.0
GCALDD,0.0
GF6PTA,0.7781356296440949
GGTAe2,0.0
GHMT2r,0.23946416400777293
GK1,0.0
GK2,1.9896492342078664
GLNS,0.0
GLNabc,0.0
GLTPD,0.0
GLU5K,0.0
GLUN,0.0
GLUPRT,0.0
GLUR,-0.3576149673031058
GLUSy,0.0
GLUTRR,0.0
GLUTRS,0.0
GLUt2r,0.0
GLUt4,0.0
GLXCBL,0.0
GLYAT,0.0
GLYBabc,0.0
GLYCK,0.0
GLYCTO1,0.0
GLYCt,0.0
GLYK,2.0699920541764687
GLYO1,0.0
GMPR,0.03782574267177117
GMPS2,0.0
GPDDA1,0.0
GPDDA2,0.0
GPDDA4,0.0
GRTT,0.0009342799464001702
GSNt2,-0.48122065727699526
GTHPe,0.0
GTPCI,0.0
GTPCII,0.0
GTPDPK,0.0
GUAD,0.0
GUAPRT,-1.9500567892314369
GUAt2r,0.3679577464788732
HACD1_1,1.7457651798192024
HACD2,-0.12093656809943813
HACD3,-0.12093656809943816
HACD4,-0.12093656809943817
HACD5,-0.12093656809943817
HACD6,-0.12093656809943817
HACD7,-0.09826096158079344
HACD9,0.0
HACOADr,0.0
HEMEAS,0.0
HEMEOS_1,0.0
HETZK,4.453193121449899
HEX1,0.5281690140845071
HIBD,0.0
HISDr,-0.6314762799629208
HISTD,0.0
HISt2r,0.0
HKM1PP,0.0
HMBS,0.0
HMGL,0.0
HMPK1,0.0
HOXPRx,0.0
HP5CD_1,0.0
HPPK,0.0
HSDy,1.0543715175187793
HSK,0.0
HSTPTr,0.0
HXANt2r,0.181924882629108
ICDHyr,0.0
ICHORT,0.0
ICITt10,0.0
ICITt2,0.0
IG3PS_1,0.0
IGPDH_1,0.0
IGPS,0.0
ILEDHr,0.0
ILETA,-0.22793481609400607
IMPC,0.0
IMPD,0.0
INS2D,0.0
INSt2,0.0
IPDDI,0.0
IPDPS,0.005605679678401022
IPDPUPT,0.0
IPMD,1.4649753376360928
IPPMIa,1.4649753376360928
IPPMIb,-1.464975337636093
IPPS,1.4649753376360928
IZPN_1,0.0
KARA1,-2.2238696141966017
KARA2,-0.15755049472295457
KAS1,0.007558535506214915
KAS10,0.0
KAS11,0.05290974854350441
KAS12,0.12849510360565358
KAS13,0.0
KAS17,0.0
KAS2,0.0
KAS3,0.1511707101242983
KAS4,0.2569902072113071
KAS5,0.0
KAS6,0.03779267753107457
KAS7,0.0
KAS8,0.0
KAS9,0.0
Kt2r,0.0
LCADi,0.0
LCTSabc,0.0
LDH2,0.0
LDH_L,0.0
LEUTA,0.0
LEUt2r,0.0
LLEUDr,1.2608948789682901
LYSAM,0.0
LYSDC,1.8667017479186407
LYSt3r,8.72887323943662
MALTATr,0.0
MCITS,0.0
MCSNAH,0.04448850258565701
MDH,-4.1207991868668
MDRPD,0.0
MALDDH,0.0
ME2,3.888334673693682
MECDPDH2,0.006539959624801191
MECDPS,0.006539959624801191
MEPCT,0.006539959624801191
METAT,0.2848869465398337
METDabc,0.0
METSR_R1,0.0
METSR_R2,-2.7395814992092056e-15
METSR_S1,0.612676056338028
METSR_S2,0.0
METSRabc,0.0
METSabc,0.6126760563380281
METTRS,0.0
METabc,0.0
MGSA,0.0
MGt5,0.0
MI1PP,0.0
MMSAD1,0.0
MMSAD2,0.0
MMSAD3,1.2197102419791122
MMSDHir,0.0
MNt2,0.0
MOBDabc,0.0
MOHMT,0.0
MTAN,0.0
MTHFC,0.0
MTHFD,0.0
MTHFR3,0.0
MTRI,0.0
MTRK,0.0
NADH4,0.0
NADK,0.0651003473824422
NADK1,0.0
NADK2,0.0
NADK3,0.0
NADK4,0.0
NADK5,0.0
NADS1,0.043647784984039865
NAPRT,0.0
NDPK1,0.0
NDPK2,0.0
NDPK3,-1.8641789545153624
NDPK4,0.0
NDPK5,0.0
NDPK6,-0.03974232094448276
NDPK7,-0.04765284060183419
NDPK8,0.0
NDPK9,0.0
NH4t,0.0
NNAM,0.0
NNATr,-390.54798829656534
NNDPR,0.043647784984039865
NO2t3,0.0
NTD1,2.868960700748495
NTD10,0.0
NTD2,0.0
NTD3,0.0
NTD4,0.0
NTD5,0.0
NTD6,0.0
NTD7,0.6929759229966874
NTD8,0.0
NTD9,0.0
NTR3B,0.0
OCBT_1,1.2882751741883174
OCOAT1,0.0
OIVD1r,0.20408045866780272
OIVD2,0.045351213037289485
OIVD3,0.38548531081696064
OMPDC,0.0
ORNTA_1,0.0
ORPT,0.0
P5CD,2.237250022277722
P5CR,0.0
PANTS,0.0
PAPPT3,0.3576149673031059
PAPSR,0.0
PC,0.0
PDH,0.0
PFK,0.0
PFK_2,0.0
PGAMT,-0.7781356296440949
PGCD,1.091309868803319
PGI,0.3555860562669173
PGK,11.226282948087398
PGLYCP,0.0
PGM,-12.31759281689072
PGMT,-0.8837550703514244
PGMT_B,0.0
PHCYT_BS,0.2697469920433576
PHETA1,-9.554137992837815e-17
PIabc,0.0
PIt2r,0.0
PIt7,0.0
PMANM,0.0
PMPK,5.069306678279177
PNTEH,0.0
PNTK,0.0
PNTOt2,0.0
PPA,0.0
PPBNGS,0.0
PPCDC,0.0
PPCK,0.0
PPCOAC,9.26539489503825e-18
PPM,3.1163605221186725
PPM2,-0.7898630178044622
PPNCL,0.0
PPND,0.5189988525250216
PPNDH,0.0
PPS,15.645718968145676
PRAGSr,0.0
PRAIi,0.0
PRAIS_1,0.0
PRAMPC_1,0.0
PRASCSi,0.0
PRATPP,0.0
URATEt_1,0.0
PRMICI,0.0
PRO1x,0.0
PROLBabc,0.0
PRPPS,-0.8503482571006399
PSCVT,0.0
PSDC_BS,0.19669051503161486
APNPT,0.0
PTHPS,0.0
PTPATi,0.0
PUNP1,-1.159200897705535
PUNP2,0.0
PUNP3,0.013114959232586767
PUNP4,0.0
PUNP5,0.0
PUNP6,0.0
PUNP7,0.0
PUNP8,0.0
PURabc1,0.0
PYK,0.0
PYNP1,0.0
PYNP2r,0.0
PYRIS,0.0
QULNS,0.043647784984039865
RBFK,4.315438416003582e-16
RBFSa,0.0
RBFSb,0.0
RBK,0.0
RBP4E,0.0
PNP,0.0
RNDR1,0.0
RNDR2,0.0
RNDR3,0.04765284060183419
RNDR4,2.868960700748499
RPE,-10.384801078870101
RPI,7.458412804453083
SADT,0.0
SARCOX,0.2394641640077732
SBTt2,0.0
SDPDS,0.0
SERAT,0.04785180992791338
SERD_D,0.0
SERD_L,0.0
SHCHD2_1,0.0
SHCHF_2,0.0
SHK3Dr,0.0
SHKK,0.0
SHSL1,0.0
SHSL2,0.0
SHSL3,0.0
SHSL4r,0.0
SLCYSS,0.0
SPODM,0.0
SPMDt3i,0.0
SPMS,0.0
SPRMS,0.0
SSALy,0.03974232094448276
SUCBZL,0.0009342799464001709
SUCBZS,0.0009342799464001708
SUCD1,3.0842646307418793
SUCD5_BS,0.0009342799464001705
SUCOAS,347.2065844425235
SULR_1,-0.07948464188896553
TALA,0.0
TARTDC,0.0
TARTRDH,0.0
TARTRDH2,0.0
THMDt2,0.0
THRD,0.0
THRD_L,0.0
THRS,0.0
TKT1,-5.1924005394350505
TKT2,-5.19240053943505
TMDK1,0.044488502585653976
TMDPP,0.04448850258565701
TMPK,0.0
TMPPP,5.069306678279176
TPI,-11.562170549765153
TRDR,0.0
TRPAS1,0.0
TRPS1,0.0
TYRTA,0.567503157767842
UAAGDS,0.3576149673031059
UAG2E,0.027361055573147854
UAG2EMA,0.0
UAG4E,0.32791118720270646
UAGCVT,0.3576149673031059
UAGDP,0.0
UAGPT3,0.3576149673031059
UAMAGS,0.3576149673031058
UAMAS,0.3576149673031058
UAPGR,0.3576149673031058
UDCPDP,0.3576149673031059
UDPG4E,0.0
UDPGD,0.0
UGMDDS,0.3576149673031058
UNK5,0.0
UPP3MT_2,0.0
UPP3S,0.0
UPPRT,2.7567572613480413
URAt2,-0.0815727699530516
URIDK2r_copy2,2.868960700748499
URIK1,0.0
URIK2,0.0
URIK3,0.0
URIt2,0.0
VALDHr,4.19373051188796
VALTA,0.0
XANt2,0.0
XPPT,0.0
XTSNt2,-1.1572769953051643
ZNabc,0.0
ZN2t4,0.0
BALAt2r,0.0
ARSENBabc,0.0
INSTt2,0.0
Kt3r,0.0
MALt2r,0.0
NAt3_1,0.0
PROt2r,0.0
ALATA_D2,0.0
SHCHD2,0.0
DHORD5,0.0
PFK_3,0.0
TRPS2,0.0
ACALD,0.0
FBP,0.0
ALCD2x,0.0
ALDD2y,2.2384237596465097
PTRCTA,0.03974232094448277
CYSDS,0.0
NDP3,0.0
CDPPH,0.0
NDP7,0.0
UDCPDPS,0.0
AIRC3,0.0
EDD,17.84321388332318
NADH9,0.0
NADH10,0.0
HEMEOS,0.0
G1SAT_iML1515,0.0
KDOCT2,0.0
OAADC,0.0
MACPD,0.0
ICHORS_copy1,0.0009342799464001707
HPPK2,0.0
OPHBDC,0.0
DHORD2,0.0
ADK4,0.0
SSALx,0.0
ECOAH1,0.0
ICL,3.044522309797395
GLYCL,0.0
LACZ,0.0
DHPPD,0.0
DHCIND,0.0
GTPCII2,0.0
LCARS,0.0
ALCD19,0.0
SBTPD,0.0
GLXCL,2.068235888863686
TARTD,0.0
GLCRAL,0.0
KAS14,0.0
DKGLCNR2y,0.0
2DGULRy,0.0
RZ5PP,0.0
OCTDPS,0.0
AMANK,0.0
ACMAMUT,0.0
PACCOAL,-1.8660256695482375e-16
HACD1,0.0
ACACCT,1.086502010292864
BUTCT,0.0
2DGULRx,0.0
G1PTT,0.0
ADNUC,0.0
TRPS3,0.0
CRNCDH,0.0
HBZOPT,0.0
BETALDHy,0.0
DKGLCNR1,0.0
FMNRx2,0.0
UMPK_iML1515,-4.1498580661452955
DDPGALA,0.0
F6PA,-6.326122225346063
IDOND,0.0
IDOND2,0.0
GLYCLTDx,0.0
ACODA,0.0
SDPTA,0.0
NMNDA,0.0
SPMDAT1,0.0
SPMDAT2,0.0
MALS,1.2204612659504976
G3PD2,0.0
FCLPA,0.0
ACCOAL,0.0
OP4ENH,0.0
HOPNTAL,0.0
3HPPPNH,0.0
IGPDH,0.0
CYSS,0.04785180992791337
ACBIPGT,0.0
ADOCBLS,0.0
ADOCBIK,0.0
HKNDDH,0.0
HKNTDH,0.0
GLYCK2,0.0
SULR,0.0
AMANAPEr,0.0
ACM6PH,0.0
CYTDH,0.0
AIRC2,0.0
GAPD_iML1515,10.733634262187621
NTPP3,0.0
NTPP6,0.0
NTPP8,0.0
CYANST,0.0
DHPPDA2,0.0
PPCSCT,347.0792479907066
OCBT,0.0
PRAMPC,0.0
MDH3,0.0
SOTA,0.0
SGSAD,0.0
MDH2,0.0
GPDDA5,0.0
PPNCL2,0.0
ETHAAL,0.0
NTP3,0.0
NADH5,0.0
GMPS,0.0
TDPAGTA,0.0
ADK3,0.0
3HCINNMH,0.0
FACOAL160t2pp,0.0
FACOAL180t2pp,0.0
SUCCt2_2pp,0.0
SULabcpp,0.0
TSULabcpp,0.0
AHGDx,0.0
AKGt2rpp,0.0
THRabcpp,0.0
VALabcpp,0.0
THRt4pp,0.0
FDMO,0.0
ACNAMt2pp,0.0
ARGabcpp,0.0
ASNt2rpp,0.0
ASPabcpp,0.0
ASPt2pp,0.0
ASPt2_2pp,0.0
ABUTt2pp,0.0
CYSabcpp,0.0
ACt4pp,0.0
ADEt2rpp,0.0
ALAabcpp,0.0
ALLabcpp,0.0
ECOAH8,0.0
GUAtpp,0.0
HYXNtpp,0.0
ECOAH5,0.0
DURIt2pp,0.0
FE2abcpp,0.0
FUMt2_2pp,0.0
CYNTt2pp,0.0
CYTDt2pp_copy1,0.0
DADNt2pp,0.0
DCYTt2pp,0.0
ACGAMK,0.0
METS,0.0
CYSabc2pp,0.0
TRSARr,-2.068235888863686
URIH,0.0
XTSNH,0.0
INSH,0.0
PPK2,0.0
ASPO3,0.0
ASPO5,0.0
ASPO4,0.0
ACACT5r,0.0
DHPS2,0.0
ALKP,6.326122225346063
ACACT6r,0.0
LIPAabcpp,0.0
LIPACabcpp,0.0
GGGABADr,0.0
FDMO3,0.0
FDMO4,0.0
PTRCt2pp,0.0
GGGABAH,0.0
FRULYSK,0.0
FDMO6,0.0
MCPST,0.0
UDCPDPpp,0.0
NODOy,0.847258415310891
CU1abcpp,0.0
HG2abcpp,0.0
NODOx,0.0
CRNt2rpp,0.0
CRNDt2rpp,0.0
CTBTt2rpp,0.0
42A12BOOXpp,0.0
TYROXDApp,0.0
ACANTHAT,0.0
DAPAL,0.0
GPDDA1pp,0.0
GPDDA5pp,0.0
FDMO2,0.0
AGM4PApp,0.0
AM4PCP,0.0
UM4PCP,0.0
CBLAT,0.0
TDP,0.0
4PEPTabcpp,0.0
SKMt2pp,0.0
FE2t2pp,0.0
FACOAL80t2pp,0.0
PPGPPDP,0.0
23PDE2pp,0.0
23PDE4pp,0.0
23PDE9pp,0.0
FACOAL60t2pp,0.0
ILEabcpp,0.0
GDPDPK,0.0
TUNGSabcpp,0.0
MOBDabcpp,0.0
Kabcpp,0.0
LEUabcpp,0.0
MALt2_2pp,0.0
METabcpp,0.0
SERt4pp,0.0
ORNabcpp,0.0
METDabcpp,0.0
PROt2rpp,0.0
ASNNpp,0.0
GLUNpp,0.0
NTPP9,0.0
NTPP10,0.0
NTPP11,0.0
PEAMNOpp,0.0
ALLPI,0.0
ALLULPE,0.0
FACOAL100t2pp,0.0
GPDDA3pp,0.0
GPDDA4pp,0.0
GPDDA2pp,0.0
FACOAL120t2pp,0.0
FACOAL140t2pp,0.0
CU2abcpp,0.0
COBALT2abcpp,0.0
NI2abcpp,0.0
MG2uabcpp,0.0
MMETt2pp,0.0
GLNabcpp,0.0
GLUabcpp,0.0
GLUt2rpp,0.0
GLYALDtpp,0.0
ARBt3ipp,0.0
NADPHQR2,0.0
NADPHQR3,0.0
NADPHQR4,0.0
GLYCAt2rpp,0.0
AGM4PCP,0.0
4PCP,0.0
4PCPpp,0.0
FALDH2,0.0
GLYCLTt4pp,0.0
HCINNMt2rpp,0.0
HISabcpp,0.0
HISt2rpp,0.0
CBIAT,0.0
LYSabcpp,0.0
PPDOy,0.0
3NTD7pp,0.0
3NTD2pp,0.0
3NTD9pp,0.0
23PDE7pp,0.0
GLCRt2rpp,0.0
THDPS,0.0
GLUDy,-5.5920440945261
ZN2abcpp,0.0
UREAtpp,0.0
XANt2pp,0.0
SPMDabcpp,0.0
MTRPOX,0.0
AGM4PCPpp,0.0
THRA2,0.0
ASO3t8pp,0.0
PPK,0.0
E4PD,0.0
IG3PS,0.0
DUTPDP,0.0
NTP5,0.0
CRNCAR,0.0
GALabcpp,0.0
GUAt2pp,0.0
HPPPNt2rpp,0.0
UDPGDC,0.0
DKGLCNR2x,0.0
PDE1,0.0
GLCATr,0.0
CD2abcpp,0.0
AGM3PApp,0.0
NTP1,0.0
YUMPS,0.0
FADRx2,0.0
PDE4,0.0
AGM4PH,0.0
ATHRDHr,0.0
LSERDHr,0.0
DSERDHr,0.0
MMCD,0.0
UDPKAAT,0.0
ULA4NFT,0.0
UPLA4FNT,0.0
ALR2,0.0
GLCabcpp,0.0
MNt2pp,0.0
ALDD3y,0.0
CYSSADS,0.0
AGM3PH,0.0
SHCHF,0.0
CYSDDS,0.0
CYStpp,0.0
ACSERtpp,0.0
NTP10,0.0
PRAIS,0.0
2AGPE120tipp,0.0
2AGPA120tipp,0.0
2AGPG180tipp,0.0
2AGPGAT180,0.0
2AGPGAT181,0.0
HXCT,0.0
2AGPEAT160,0.0
DURADx,0.0
HISTP,0.0
LDH_D,0.0
NTD11,0.0
UPP3MT,0.0
KAS15,0.0
FACOAL181t2pp,0.0
3OAS161,0.0
EAR141y,0.0
EAR161x,0.0
DASYN160,0.0
DASYN161,0.0
DASYN181,0.0
PGSA180,0.0
2AGPGAT141,0.0
3OAS141,0.0
3OAR121,0.0
URAt2pp,0.0
ALAALAD,0.0
2AGPEAT180,0.0
2AGPEAT181,0.0
2AGPGAT140,0.0
ALAALAabcpp,0.0
2AGPGAT161,0.0
PROGLYabcpp,0.0
GTHRDabcpp,0.0
2AGPG140tipp,0.0
2AGPG160tipp,0.0
2AGPG141tipp,0.0
2AGPG161tipp,0.0
2AGPG181tipp,0.0
2AGPEAT140,0.0
2AGPEAT120,0.0
2AGPEAT161,0.0
2AGPEAT141,0.0
2AGPGAT160,0.0
PG161abcpp,0.0
PGP120abcpp,0.0
PGP161abcpp,0.0
PGP181abcpp,0.0
PA120abcpp,0.0
2AGPGAT120,0.0
FACOAL141t2pp,0.0
FACOAL161t2pp,0.0
PA160abcpp,0.0
PA181abcpp,0.0
PG160abcpp,0.0
PGP140abcpp,0.0
TPRDCOAS,0.0
GGPTRCO,0.0
FMNRx,0.0
PHEt2rpp,0.0
OMBZLM,0.0
GPDDA3,0.0
AGMH,0.0
MCTP1Bpp,0.0
MELIBt3ipp,0.0
K2L4Aabcpp,0.0
AMPMS2,0.0
THIORDXi,0.0
EAR141x,0.0
EAR181x,0.0
EAR181y,0.0
DASYN140,0.0
DASYN180,0.0
DASYN141,0.0
PGSA141,0.0
5DOAN,0.0
3OAR120,0.0
3HAD120,0.0
EAR180x,0.0
EAR180y,0.0
PSD160,0.0
PSD161,0.0
PSD180,0.0
COLIPAabcpp,0.0
EAR80y,0.0
EAR120y,0.0
3OAR181,0.0
EAR121y,0.0
GTHRDHpp,0.0
MDDCP2pp,0.0
MDDCP3pp,0.0
EAR140x,0.0
EAR40y,0.0
3OAS181,0.0
EAR161y,0.0
MLDCP1App,0.0
EAR160y,0.0
EAR100y,0.0
3OAR141,0.0
3OAR161,0.0
EAR121x,0.0
PSD140,0.0
PGSA140,0.0
PGSA181,0.0
MDDCP5pp,0.0
MLTGY3pp,0.0
PGSA160,0.0
MLDCP2Bpp,0.0
3OAS140,0.0
3OAR140,0.0
3OAR160,0.0
PGSA161,0.0
NTP12,0.0
PE141abcpp,0.0
PE160abcpp,0.0
PE161abcpp,0.0
PSD141,0.0
PG140abcpp,0.0
PG141abcpp,0.0
PG180abcpp,0.0
PG181abcpp,0.0
PGP141abcpp,0.0
PGP160abcpp,0.0
PGP180abcpp,0.0
PA140abcpp,0.0
MDDCP4pp,0.0
PG120abcpp,0.0
PE140abcpp,0.0
MDDEP3pp,0.0
MDDEP4pp,0.0
MLTGY1pp,0.0
3OAS60,0.0
3OAS160,0.0
3OAR60,0.0
3OAR80,0.0
MLDCP3App,0.0
MLDCP1Bpp,0.0
2AGPE181tipp,0.0
2AGPA140tipp,0.0
2AGPA160tipp,0.0
2AGPA180tipp,0.0
2AGPA141tipp,0.0
2AGPE140tipp,0.0
2AGPE160tipp,0.0
2AGPE180tipp,0.0
2AGPE141tipp,0.0
2AGPE161tipp,0.0
2AGPA161tipp,0.0
2AGPA181tipp,0.0
2AGPG120tipp,0.0
PA141abcpp,0.0
PA161abcpp,0.0
PA180abcpp,0.0
PE120abcpp,0.0
PE180abcpp,0.0
CGLYabcpp,0.0
EAR100x,0.0
EAR120x,0.0
EAR160x,0.0
EAR140y,0.0
3OAS121,0.0
3OAS80,0.0
3OAS100,0.0
3OAS120,0.0
3OAR40,0.0
3OAR100,0.0
DASYN120,0.0
EAR40x,0.0
EAR60y,0.0
MLTGY2pp,0.0
MLTGY4pp,0.0
EAR60x,0.0
EAR80x,0.0
PE181abcpp,0.0
NTP11,0.0
3OAS180,0.0
PSD120,0.0
MDDEP1pp,0.0
MDDEP2pp,0.0
PSD181,0.0
3OAR180,0.0
PGSA120,0.0
GTHRDabc2pp,0.0
NADHPO,0.0
DSERt2pp,0.0
ALAt4pp,0.0
CTBTCAL2,0.0
GDPMNP,0.0
AMMQLT8,0.0
CRNDCAL2,0.0
CRNCAL2,0.0
GLYt4pp,0.0
FRULYSE,0.0
UM3PL,0.0
UM4PL,0.0
COBALT2t3pp,0.0
OROTt2_2pp,0.0
MALDt2_2pp,0.0
LYSt2pp,0.0
ALAt2pp,0.0
BALAt2pp,0.0
DALAt2pp,0.0
GALCTLO,0.0
HACD8,0.0
CTECOAI8,0.0
CTECOAI6,0.0
MALCOAMT,0.0
OGMEACPS,0.0
OGMEACPR,0.0
OPMEACPS,0.0
DGUNC,0.0
CDGUNPD,0.0
LDGUNPD,0.0
MPTAT,0.0
REPHACCOAI,1.8660256695482375e-16
APG3PAT160,0.0
APG3PAT161,0.0
APG3PAT180,0.0
ICYSDS,0.0
BMOCOS,0.0
BWCOS,0.0
DHNPTE,0.0
BTS5,0.0
CCGS,0.0
CDGR,0.0
URACPAH,0.0
POAACR,0.0
GTHPi,0.0
DHNCOAS,0.0009342799464001707
DHNCOAT,0.0009342799464001707
TYRL,0.0
APG3PAT120,0.0
OXDHCOAT,-1.8660256695482377e-16
HADPCOADH3,-1.866025669548238e-16
MOCOS,0.0
ACACT8r,0.0
CTECOAI7,0.0
APG3PAT140,0.0
APG3PAT141,0.0
APG3PAT181,0.0
OPMEACPD,0.0
EPMEACPR,0.0
AOXSr2,0.0
OGMEACPD,0.0
EGMEACPR,0.0
OPMEACPR,0.0
DHACOAH,1.8660256695482377e-16
THFAT,0.0
GDPTPDP,0.0
MPTSS,0.0
CPMPS,0.0
LIPOS,0.0
OCTNLL,0.0
LIPATPT,0.0
LIPAMPL,0.0
ALDD19xr,0.0
MMM,-9.26539489503825e-18
WCOS,0.0
VPAMTr,-3.480187448364741
3OXCOAT,-1.866025669548238e-16
2DGULRGx,0.0
2DGULRGy,0.0
AP4AS,0.0
13PPDH2,0.0
APCS,0.0
GHBDHx,0.0
G2PP,0.0
DHNPA2r,0.0
SHGO,0.0
NADPHHS,0.0
SELabcpp,0.0
PYK2,2.600206019632605
PYK3,0.0
PYK4,0.0
DXYLTD,0.0
2DDARAA,0.0
ALLTAMH2,0.0
ACOAD1fr,4.95003209871412
ALR2x,0.0
CHLt3pp,0.0
GLYBt3pp,0.0
Ftpp,0.0
ACOXT,0.0
CHOLID,0.0
4ABZGLUH,0.0
4ABZGLUtr,0.0
PHDA,0.0
TEO2M,0.0
PACOAT,0.0
HPACOAT,0.0
5DGLCNR,0.0
PIt2rpp,0.0
LEUt2rpp,0.0
ILEt3pp,0.0
METt3pp,0.0
5DKGR,0.0
LEUt3pp,0.0
ILEt2rpp,0.0
GLYtpp,0.0
PYK6,0.0
LKDRA,0.0
METNA,0.0
3SLAR,0.0
ARHGDx,0.0
PSURIK,0.0
QUINDHyi,0.0
PNSPA,0.0
URATEtpp,0.0
UDPGPT,0.0
PROD3,0.0
3HPADHi,0.0
2HPTCOAT,0.0
SLNTabcpp,0.0
VALt2rpp,0.0
MN2tipp,0.0
METGLCURt2pp,0.0
3HBZCT,0.0
ASPtpp,0.0
FUMt1pp,0.0
SUCCt1pp,0.0
QUINDH,0.0
LCARSyi,0.0
G3PD5,0.0
ALATA_L2,0.0
HXPRT,0.0
NADDP,0.0
NMNAT,0.0
NTPP1,0.0
NTPP2,0.0
PYDXPP,0.0
G3PT,0.0
TDPGDH,0.0
HPYRRy,0.0
ASNS2,0.0
NTPP4,0.0
NTPP7,0.0
THMDt2pp_copy1,0.0
TRPt2rpp,0.0
TYRt2rpp,0.0
URIt2pp_copy1,0.0
GALCTt2rpp,0.0
ADNt2pp_copy1,0.0
METSOXR2,0.0
FLVR,0.0
3PEPTabcpp,0.0
CD2t3pp,0.0
F6PP,0.0
INSt2pp,0.0
NI2uabcpp,0.0
NH4tpp,0.0
PTRCabcpp,0.0
NTD12,0.0
RIBabcpp,0.0
LCTSt3ipp,0.0
GLYCtpp,0.0
H2Otpp,0.0
PPA2,0.0
3NTD4pp,0.0
GLYCLTDy,0.0
NTPP5,0.0
ZN2t3pp,0.0
R5PP,0.0
HOMt2pp,0.0
MDDCP1pp,0.0
3HAD80,0.0
ACONTb,0.3895739106371761
3HAD161,0.0
3HAD121,0.0
3HAD141,0.0
ACONTa,-0.38957391063717606
MLDCP2App,0.0
3HAD181,0.0
3HAD40,0.0
3HAD60,0.0
3HAD100,0.0
3HAD140,0.0
3HAD160,0.0
3HAD180,0.0
GLYBt2pp,0.0
2MAHMP,0.0
GLYt2pp,0.0
NI2t3pp,0.0
MN2t3pp,0.0
MSAR,0.0
NADPHHR,0.0
NADHHS,0.0
NADHHR,0.0
GNP,0.0
E4PP,0.0
F1PP,0.0
VALt3pp,0.0
CUt2pp,0.0
10M3HDHL,0.0
10M3OACPO,0.0
10M3OUO,0.0
10MDOD,0.0
10MTDAO,0.0
10MTU2A,0.0
10MUAM,0.0
11M3ODO,0.0
11MDAMCA,0.0
11MHDOD,0.0
11MTRDOC,0.0
12M3HTDH,0.0
12M3HTHL,0.0
12M3OXOT,0.0
12M3TDA,0.0
12MTACPM,0.0
12MTT2E,0.0
12TTACA,0.0
3OAS120_2,0.0
13M3HTDAHL,0.0
13M3OTDAO,0.0
13MTDAM,0.0
13MTTDAO,0.0
14M3HDEC,0.0
14M3HPAHL,0.0
14M3OHO,0.0
14M3OP,0.0
14MHDAAD,0.0
14MTACPM,0.0
14MTHEAO,0.0
14MTP2EA,0.0
15M3HEXDA,0.0
3OAS160_2,0.0
3OAS200,0.0
3OAS80_2,0.0
3OXDAM,0.0
4HTHRS_1,0.0
4ISOHELS,0.0
4M3G3P,0.0
4M3OHAT,0.0
4M3OPAO,0.0
4M3OXHA,0.0
4METPAC,0.0
4MHEAMA,0.0
4MTHACP,0.0
15M3OHAO,0.0
15MHDAAD,0.0
15MTHACP,0.0
16M3HDEC,0.0
16M3HPAHL,0.0
4MTRPE,0.0
5M3HHAL,0.0
5MET3OH,0.0
5MHACC,0.0
5MTH2EO,0.0
6M3HHL,0.0
16M3OHO,0.0
16M3OP,0.0
16MTHEAO,0.0
16MTP2EA,0.0
17M3HDEC,0.0
17M3OHO,0.0
17MTHEAO,0.0
6M3HOAHL,0.0
6M3OHAO,0.0
6M3OXO,0.0
6MHACPA,0.0
6MOAMCA,0.0
6MTHAO,0.0
6MTR2EO,0.0
ACGAMT,0.0
7M3HOACPL,0.0
7M3ODO,0.0
7MOACA,0.0
7MTROCAC,0.0
2ACLMM,0.0
2MACPT,0.0
2MPCAC,0.0
8M3HDAL,0.0
8M3HNAHL,0.0
2MPCTF,0.0
ACGK_1,0.0
8M3OAO,0.0
8M3ONO,0.0
8MDAM,0.0
8METNO,0.0
3A2OA,1.2197102419791122
8MNAMC,0.0
8MT2ACP,0.0
9M3HDL,0.0
3HACPH,0.0
9M3OXPA,0.0
9MDACP,0.0
9MDAM,0.0
AACLAM,-2.5802721600756247
ACLS_a,0.0
3HAD160_2,0.0
4ABUTD,0.03974232094448277
3HAD200,0.0
ACLS_d,0.0
3HAD80_2,0.0
3HAOR,0.0
3HOXTPP,0.0
3MBCOT,0.0
3METHMCAC,0.0
3OAR120_2,0.0
ACMANApts,0.0
3OAR160_2,0.0
3OAR200,0.0
3OAR80_2,0.0
ACOAM,2.580272160075625
ACOATA,0.0
AIRCr,0.0
AIRC4,0.0
AMPEP5,0.0
AMPEP6,0.0
AMPEP7,0.0
AMPEP8,0.0
AMPEP9,0.0
AMPTASECG,0.0
ALATA_D,0.0
ALATRS,0.0
ACS_1,0.0
THPAT,0.0
ACSERHS,0.0
G3PAT140_c,0.0
ALAt4,0.0
ALCD1,0.0
ALDD31,0.0
ALPHNH,0.0
ARGN,0.0
ADK2_1,0.0
ARGSS2,2.580080210903472
AMAA,0.0
AMANK_1,0.0
AMID,0.0
ARGt5r,0.0
ARSabc,0.0
AMID3,0.0
ASAD_1,1.4119864848218855
AMID4,0.0
ASNN,0.26996646280866826
ASNTRS,0.0
AMPEP1,0.0
ADKd,0.0
AMPEP10,0.0
AMPEP11,0.0
AMPEP12,0.0
ASO3tex_1,0.0
ASO4t,0.0
ASPCT_2,0.0
AMPEP13,0.0
AMPEP14,0.0
AMPEP15,0.0
AMPEP16,0.0
AMPEP17,0.0
AMPEP18,0.0
AMPEP2,0.0
ASPTRS,0.0
AMPEP3,0.0
ASPTRS2,0.0
ASPabc,0.0
AMPEP4,0.0
ASPt2r,0.0
ADPRDP_1,0.0
r1143,0.0
BST,0.0
BTCCPL,0.0
BTNt,0.0
ANS2,-0.5199331324714219
BTS3r,0.0
ATPX5P,0.0
BKDC1,0.0
AT_MBD2,0.0
BTS4,0.0
AGDC_iYS854,0.0
CYSGL,0.0
AGMHE,0.0
CYSTINEs,0.0
CYSTRS,0.0
CYSabc,0.0
CYSt2r,0.0
CBPS_1,0.0
CYTDK1_1,2.325977061571637
CDDTPP,0.0
CDGS,0.0
CDPMEK_1,0.006539959624801191
CYTDK2_1,0.0
CYTDt4,0.0
CYTK11_1,2.3048995764777236
DHQS_2,0.0
DACTPP,0.0
DADNK_1,0.0
CHORS_1,0.0
DADNt2_iYS854,0.0
DAGK,0.0
DAPADHL,0.0
CIT_Mgt,0.0
CLPNS_MRSA,0.0
DAPDA,0.0
DAUPP,0.6802135947182933
COabc,0.0
DCPP,0.0
CPH4S,0.0
CPMPS_1,0.0
DCYTt2_iYS854,0.0
DINSt2,0.0
DDPA_1,0.0
CTBTabc,0.0
DGNSK_1,0.0
DGSNt2,0.0
DGUPP,0.0
DNMPPA,0.0
DHORDi,0.0
DNTPPA,0.0
DHORD6,0.0
DPCOAK_1,0.0
DPNSPAD,0.0
DPR,0.0
DRBK_1,0.0
DSERt2,0.0
DTUPP,0.0
DUCYTP,0.0
DURIK1_1,0.0
DURIPP_1,0.0
DURIt2,0.0
DUTPDP_1,0.0
DUUPP,0.0
EAR200x,0.0
EGLACPR,0.0
EPOXQR,0.0
FA80ACPHi,0.0
FE2abc,0.0
G6PI3,0.0
FE3DCITabc,0.0
FECPP3O,0.0
GAPD_1,0.0
GAPDy,0.4926486858997776
FEROc,0.0
GCCa_1,0.0
GCCb_1,0.0
GCCc_1,0.0
sink_GCVHF,0.0
GCVHL,0.0
GCVHLL,0.0
FLVRx,0.0
FMNAT_1,0.0
r0963,0.0
GLCBPP,0.0
GLCNACAMS,0.0
GLCNMS,0.0
FTHFLi,0.0012890253395821901
G3PACT,0.0
G3PAT140,0.0
GLCURt2r,0.0
GLGC,0.0
GLUTRS_3,0.0
GLUabc,0.0
GLUDxi_iYS854,0.0
GTHRDH_syn,0.0
GLYALDDr_iYS854,2.068235888863686
GLUSfx,0.0
GTPC,0.0
GLYALDt,0.0
GTPCII_1,0.0
ICITRED,0.0
GTPDPK_1,0.0
ILETRS,0.0
ILEt2r_iYS854,0.0
HEDMC,0.0
HETZK_1,0.6161135568292785
HEX1_1,0.0
HEX7_1,0.0
HGLACPHL,0.0
IPMD_1,0.0
GLYCYSAP,0.0
ISOGL3P,0.0
ISOP3PT,0.0
KARA4,0.0
HISTRS,0.0
KAS16,0.0
HPYRRx,0.0
HMPK1_1,5.069306678279177
KGLACPR,0.0
KPIMD,0.0
KPIMR,0.0
Kabc,0.0
L_LACD3_1,0.0
HPIMHL,0.0
HPPK2_1,0.0
PROD2,0.0
LASP2OA,0.0
HSDxi,0.0
HSERTA,0.0
HSK_2,2.0214967017300247
LEUTRS,0.0
LHISO,0.0
LHIST,0.0
GLYK1,0.0
LPL2,0.0
GLYLEUAP,0.0
LIPATPT_2,0.0
LIPOPBt,0.0
LPL1,0.0
LTHRK,0.0
MI1PP_1,0.0
LYSTRS,0.0
LYSt5r,0.0
GLYPHEAP,0.0
LacR,0.0
MALACPD,0.0
MOADSUx_1,0.0
MQNS,0.0009342799464001705
MTDACP,0.0
GLYTYRAP,0.0
MCOATA,0.0
MTHFR3_1,0.0
NACGS,0.0
MDH3_1,0.0
ME1,0.0
NADDPp_1,0.0
MEPCT_1,0.0
METSOX1abc,0.0
NADK_1,0.0
NADKd,0.044488502585663545
NADS1_1,0.0
METSOX2abc,0.0
METSOXR1,0.0
GLYt2r,0.0
NIabc,0.0
NMNHYD_1,0.0
NH4t4,0.0
P5CR_1,0.05102515191059622
P5CR2,0.0
NO3t2_iYS854,1.6945168306217822
PANTS_1,0.0
NO3t7,0.0
PAPT,0.0
NP1_1,0.0
PCT,0.0
NPHS_copy2,0.0
NTD1_1,0.0
PDHbr,0.0
PDHcr,0.0
GNNUC,0.0
PDTL_copy1,0.0
GPDDA1_1,0.0
NTPP1_1,0.0
PDTS_copy1,0.0
PEPG,0.0
PEPGACT,0.0
NTPP10_1,0.0
NTPP11_1,0.0
NTPP2_1,0.0
NTPP8_1,0.0
NTPP9_1,0.0
PFK_4,0.0
GPDDA2_1,0.0
NTRIR2x,0.0
GPDDA3_1,0.0
GPDDA4_1,0.0
PGLYCP_1,0.0
NTRIR2y,0.0
NTRIRx,0.0
NTRIRy,0.0
OCBT_2,-1.2882751741883174
PGPP_MRSA,0.0
PGSA_MRSA,0.0
PHETRS,0.0
PHEt2r,0.0
PIMR,0.0
ORNCD_2,0.0
ORNTA,2.2882751741883176
OSUCCL,0.0
PLPS_1,0.0
PUNP6_1,0.0
PUNP7_1,-1.6516126118147465
PMDPHT,0.0
PYDXK_1,0.0
PYNP1_1,0.0
PMTSS,0.0
PNP_1,0.0
PNPA3,0.0
POX3,0.0
PYNP2r_1,0.0
RBFK_1,0.0
RBFSa_1,0.0
RBK2,0.0
RIBFLVt2,-4.315438416003581e-16
PPC,0.0
PPItex,22.043080489762445
PPNCL2_1,0.0
PPND2,0.0
PRATPP_1,0.0
PROHISGLUtr,0.0
PROTRS,0.0
PROabc,0.0
S2FE2SR,0.0
S2FE2SS2,0.0
S2FE2ST_copy1,0.0
SERTRS,0.0
PSCVT_1,0.0
PSERT,1.091309868803319
S4FE4SR,0.0
S4FE4ST_copy1,0.0
PSP_L_1,0.0
PTHPS_1,0.0
PTHRP,0.0
SBTD_D2_iYS854,0.0
SERt2r,0.0
SCYSDS,0.0
PTRCabc,0.0
THPPP,21.323323741198212
PUNP1_1,0.0
THRA_iYS854,-1.8781663903562118
PUNP2_1,1.309435639489573
PUNP3_1,0.0
PUNP4_1,2.304899576477723
PUNP5_1,-0.3186619718309859
THRS_2,2.0214967017300243
THRTRS,0.0
THRt2r,0.0
SHKK_1,0.0
UDPACGLP,0.0
THZPSN_1,0.0
SMIA1,0.0
UDUPP,0.0
SMIA1Eabc,0.0
TMDK1_1,0.0
UNDBD,0.0
SMIA1abc,0.0
UPP3MT_3,0.0
TRNAGTG,0.0
TRNARI,0.0
TRO2EAO,0.0
TRO2EHL,0.0
URCN_iYS854,-0.6314762799629207
SMIB1,0.0
TRPTRS,0.0
URIK1_1,0.0
URIK2_1,0.0
URIK3_1,0.0
TRPt2r,0.0
TTRCYCtm,0.0
UUPP,0.0
VALTRS,0.0
VALt2r_iYS854,0.0
TYRTRS,0.0
TYRt2r,0.0
UAATAAL,0.0
UAG4Ei,0.0
UAGCVT_1,0.0
UAGDP_1,1.1484407939633436
UAMAGLL,0.0
SPMDabc,0.0
UCPP,0.0
UDCPDPw,0.0
UDCTPP,0.0
SPODM_1,0.0
NOS1_1,1.6945168306217822
NOS3,-0.8472584153108912
METB2,0.0
SPRMabc,0.0
SUCD2,0.0
TDACPT,0.0
THFGLUS,0.0
THMDt4,0.0
THMPP,26.392630419477392
UACMAMO_iYS854,0.0
ACLS_b,0.0
ACMAA,0.0
FBA3,0.0
FECRMabc,0.0
GLCpts,0.0
GTHRDt2_1,0.0
GLYCK_1,0.0
HSTPT,0.0
MALTabc,0.0
NO2t2r,0.0
SERGLUGLNtr,0.0
WTAGLCNACT,0.0
WTAPGT,0.0
4HTHRS,0.0
ACOAD1z,0.0
ADCPS1,0.0
ADCPS2,0.0
ADCYRS,0.0
AGPAT120,0.0
AGPAT140,0.0
AGPAT160,0.0
AGPAT161,0.0
AGPAT180,0.0
AGPAT181,0.0
AHSERL2,0.0
ALCD4,0.0
ALCD4y,0.0
ALLTNt2r,0.0
ACAFDOR,-1.1501203870947607
ARBabc,0.0
ARBt2r,0.0
ARGt2r_iHN637,0.0
ASPO2,0.0
ASPO2y,0.04364778498403987
ASPR,0.0
BACCL,0.0
BTCOARx,0.0
BTNt2i,0.0
CPC2MT,0.0
CPC6R,0.0
CPPPGOAN2,0.0
CYRDAS,0.0
DDPGA,0.0
DURAD,-0.43273841099319665
FACOAL180,4.982646493952853e-16
FRTT,0.0009342799464001702
FRUpts,0.0
G3PAT120,0.0
G3PAT160,0.0
G3PAT161,0.0
G3PAT180,0.0
G3PAT181,0.0
GALURt2r,0.0
GALabc,0.0
HAMR,0.0
HCITS,0.0
ICDHx,2.6549483991602205
IZPN,0.6314762799629208
LYSt2r,0.0
MCTP1Aex,0.0
MCTP1Bex,0.0
MCTP2Aex,0.0
MDDCP1ex,0.0
MDDCP2ex,0.0
MDDCP3ex,0.0
MDDCP4ex,0.0
MDDCP5ex,0.0
MPTG2ex,0.0
MPTGex,0.0
NADS2,0.0
ORNDC,0.0
PC20M,0.0
PC6AR,0.0
PLPS,0.0
RMNt,0.0
SHSL2r,0.12733645181687903
UAAGMDt,0.0
XYLt2,0.0
FDH7,-1.1501203870947607
UDCPDPex,0.0
EX_2ddglcn_e,0.0
EX_2hxmp_e,0.0
EX_2pg_e,0.0
EX_2pglyc_e,0.0
EX_3amba_e,0.0
EX_3amp_e,0.0
EX_3cmp_e,0.0
EX_3gmp_e,0.0
EX_3pg_e,0.0
EX_3ump_e,0.0
EX_4abut_e,0.0
EX_5mtr_e,0.0
EX_6pgc_e,0.0
EX_Larab_e,0.0
EX_Lcyst_e,0.0
EX_abt__L_e,0.0
EX_ac_e,0.0
EX_acac_e,0.0
EX_acgam_e,-0.3703051643192488
EX_acmana_e,0.0
EX_acnam_e,0.0
EX_actn__R_e,0.0
EX_ade_e,-0.1502347417840375
EX_adn_e,-0.1813380281690141
EX_akg_e,0.0
EX_ala_B_e,-0.7869718309859155
EX_ala__D_e,0.0
EX_ala_L_Thr__L_e,0.0
EX_ala_L_asp__L_e,0.0
EX_ala__L_e,0.0
EX_ala_L_gln__L_e,0.0
EX_ala_L_glu__L_e,0.0
EX_L_alagly_e,0.0
EX_ala_L_his__L_e,0.0
EX_ala_L_leu__L_e,0.0
EX_alaala_e,0.0
EX_alltn_e,0.0
EX_amp_e,0.0
EX_amylase_e,0.0
EX_antim_e,0.0
EX_arab__D_e,0.0
EX_arab__L_e,0.0
EX_arbt_e,0.0
EX_arg__L_e,-0.9941314553990612
EX_argp_e,0.0
EX_arsenb_e,0.0
EX_arsna_e,0.0
EX_arsni2_e,0.0
EX_asn__L_e,-0.8433098591549296
EX_asp__L_e,-0.9465962441314554
EX_bilea_e,0.0
EX_btd_RR_e,0.0
EX_buts_e,0.0
EX_ca2_e,-0.1905160277439727
EX_cbl2_e,0.0
EX_cd2_e,0.0
EX_cellb_e,0.0
EX_cgly_e,0.0
EX_chitob_e,0.0
EX_chol_e,0.0
EX_chols_e,0.0
EX_chor_e,0.0
EX_cit_e,0.0
EX_citr__L_e,-0.8855633802816901
EX_cmp_e,0.0
EX_co2_e,0.0
EX_cobalt2_e,0.0
EX_crn_e,1.432729754811432e-33
EX_cro4_e,0.0
EX_csn_e,-0.2834507042253521
EX_ctbt_e,0.0
EX_cu2_e,0.0
EX_cys__D_e,0.0
EX_cys__L_e,-0.9917840375586854
EX_cyst__L_e,0.0
EX_cytd_e,-0.4066901408450704
EX_dad_2_e,0.0
EX_dcyt_e,0.0
EX_dextrin_e,0.0
EX_dha_e,0.0
EX_diact_e,0.0
EX_djenk_e,0.0
EX_drib_e,0.0
EX_dtmp_e,0.0
EX_ectoine_e,0.0
EX_etha_e,0.0
EX_eths_e,0.0
EX_etoh_e,0.0
EX_fe2_e,0.0
EX_fe3_e,-0.13672667848371275
EX_ferrich_e,0.0
EX_ferxa_e,0.0
EX_fol_e,12.394596288521473
EX_for_e,0.0
EX_fru_e,0.0
EX_fum_e,0.0
EX_g1p_e,0.0
EX_g6p_e,0.0
EX_gal_e,0.0
EX_galctr__D_e,0.0
EX_galt_e,0.0
EX_galur_e,0.0
EX_gam6p_e,0.0
EX_gam_e,0.0
EX_gbbtn_e,0.0
EX_glc__D_e,-0.5281690140845071
EX_glcn__D_e,0.0
EX_glcr_e,0.0
EX_glcur_e,0.0
EX_gln__L_e,-1.5833333333333335
EX_glu__D_e,0.0
EX_glu__L_e,0.0
EX_glx_e,0.0
EX_gly_asn__L_e,0.0
EX_gly_asp__L_e,0.0
EX_gly_e,-0.8274647887323944
EX_gly_gln__L_e,0.0
EX_gly_glu__L_e,0.0
EX_gly_met__L_e,0.0
EX_gly_pro__L_e,0.0
EX_glyb_e,0.0
EX_glyc3p_e,0.0
EX_glyc_e,0.0
EX_glyclt_e,0.0
EX_glycogen_e,0.0
EX_gmp_e,0.0
EX_gsn_e,-0.4812206572769953
EX_gthox_e,0.0
EX_gthrd_e,0.0
EX_gua_e,-0.3679577464788732
EX_h2o2_e,0.0
EX_h2o_e,0.0
EX_h_e,-10.0
EX_hexs_e,0.0
EX_hg2_e,0.0
EX_his__L_e,-0.8732394366197184
EX_hqn_e,0.0
EX_hxan_e,-0.181924882629108
EX_icit_e,0.0
EX_ile__L_e,-1.1167840375586855
EX_inost_e,0.0
EX_ins_e,-0.3186619718309859
EX_istnt_e,0.0
EX_k_e,-0.19528985556719694
EX_lac__L_e,0.0
EX_lanth_e,0.0
EX_lcts_e,0.0
EX_leu__L_e,0.0
EX_lipt_e,0.0
EX_lys__L_e,-2.7130281690140845
EX_madg_e,0.0
EX_mal__D_e,0.0
EX_mal__L_e,0.0
EX_malt_e,0.0
EX_malttr_e,0.0
EX_man1p_e,0.0
EX_man6p_e,0.0
EX_man_e,0.0
EX_mbdg_e,0.0
EX_melib_e,0.0
EX_meoh_e,0.0
EX_met__D_e,0.0
EX_met_L_ala__L_e,0.0
EX_met__L_e,0.0
EX_metox__R_e,0.0
EX_metox_e,-0.6126760563380281
EX_mg2_e,-0.31415352231733956
EX_mn2_e,0.0
EX_mnl_e,0.0
EX_mobd_e,0.0
EX_mops_e,0.0
EX_mso3_e,0.0
EX_na1_e,-0.33212604388486466
EX_nac_e,0.0
EX_nh4_e,0.0
EX_ni2_e,0.0
EX_no2_e,0.0
EX_no3_e,1.6945168306217822
EX_o2_e,-10.0
EX_orn__L_e,0.0
EX_pala_e,0.0
EX_pep_e,0.0
EX_phe__L_e,-0.5269953051643192
EX_pi_e,0.0
EX_pnto__R_e,0.0
EX_ppa_e,0.0
EX_ppi_e,22.043080489762445
EX_pro__L_e,-0.6408450704225352
EX_prolb_e,0.0
EX_pser__D_e,0.0
EX_pser__L_e,0.0
EX_pur_e,0.0
EX_pyr_e,0.0
EX_raffin_e,0.0
EX_rib__D_e,0.0
EX_ribflv_e,-4.315438416003582e-16
EX_rmn_e,0.0
EX_salcn_e,0.0
EX_sbt__D_e,0.0
EX_ser__D_e,0.0
EX_ser__L_e,0.0
EX_so4_e,0.0
EX_spmd_e,0.0
EX_srb__L_e,0.0
EX_starch_e,0.0
EX_subtilisin_e,0.0
EX_succ_e,0.0
EX_sucr_e,0.0
EX_sula_e,0.0
EX_taur_e,0.0
EX_thiog_e,0.0
EX_thr__L_e,-0.7916666666666667
EX_thym_e,0.0
EX_thymd_e,0.0
EX_tmp_e,0.0
EX_tre_e,0.0
EX_trp__L_e,-0.5962441314553991
EX_tyr__L_e,-0.6960093896713615
EX_ump_e,0.0
EX_ura_e,-0.0815727699530516
EX_urate_e,0.0
EX_urea_e,7.710262267191765
EX_uri_e,-0.29460093896713613
EX_val__L_e,-0.6525821596244131
EX_xan_e,-0.1602112676056338
EX_xtsn_e,-1.1572769953051643
EX_xyl__D_e,0.0
EX_zn2_e,0.0
EX_f6p_e,0.0
2S6HCCi,0.0009342799464001707
ACKr,0.0
ADCL,0.0
AKP1,0.0
ALLTAHr,2.312410733880474
ALTRH,0.0
ATPS4r,14.334371168356537
BLACT,0.0
CITt2r,-0.31415352231733956
CO2t,0.0
CYOO3,0.0
CYTOM,0.04448850258565525
DHNAOT7,0.0009342799464001706
DHQTi,0.0
FE3t,0.13672667848371275
FOLt,-12.394596288521473
FUMt2r,0.0
G3PCT,1.61900880185398
G3POA_BS,0.37792677531074576
G5SADs,2.2882751741883176
GART,0.0
GGTT,0.0009342799464001702
GLCt2,0.0
GUI2,0.0
H2Ot,0.0
HCO3E,3.4164580488091403
HEXTT,0.0009342799464001706
HSST,-0.12733645181687903
Kt1,0.0
LIPO1S24_BS,2.458631437895186e-05
LIPO2S24_BS,2.1073983753387307e-05
LIPO3S24_BS,6.322195126016192e-05
LIPO4S24_BS,5.268495938346827e-05
LYSLG_BS,0.007727127376242014
MCA,0.0
METt3,0.0
MCITL2,0.0
O2t,10.0
OMCDC,1.4649753376360928
ORNTAC_1,0.0
OXADC,0.0
PAP_BS,0.10817978326738818
GND,-17.84321388332318
PGPPH_BS,0.07305647701174267
PPTGS_BS,0.3576149673031058
PPTT,0.0009342799464001702
PRFGS_1,0.0
PSP_L,1.091309868803319
PTAr,0.0
RHCYS,0.0
SO4t2,0.0
SUCCt2r,0.0
TAGURr,0.0
TECA1S45,0.012728686187045934
TECA2S45,0.008243439978200004
TECA3S45,0.006388929407901919
TECA4S_BS,0.010930372906756884
TMDS,0.0
TMN,5.069306678279177
UGLYCH,2.312410733880474
UGT1_BS,0.030206043379855146
UGT2_BS,0.02318138212872604
UGT_BS,0.054792357758806996
UREAt,-7.710262267191765
HXAND,0.5005868544600939
XAND,2.312410733880474
XYLI2,0.0
ATPM,0.0
BIOMASS,3.5123306255645512
EX_methsucc_e,0.0
EX_peamn_e,0.0
EX_asp__D_e,0.0
FORt,0.0
ACtr,0.0
ACACt2pp,0.0
ACACtex,0.0
HCYSMT,0.0
ASNtex,0.0
CYO4pp,0.0
CYTCAA3pp,0.0
OXCOAHDH,0.0
PACALtabcpp,0.0
PACCOAE,-1.8660256695482375e-16
PEAMNO2pp,0.0
PEAMNtex,0.0
EX_bhb_e,0.0
EX_acglu_e,0.0
EX_5aptn_e,0.0
EX_hom__L_e,-0.8397887323943662
EX_ptrc_e,0.0
EX_hxa_e,0.0
EX_orn_e,-1.0
HOMtex,0.0
HOMtpp,0.0
HXAtex,0.0
ORNabc,0.0
EX_asn__D_e,0.0
EX_5oxpro_e,0.0
EX_mma_e,0.0
EX_ad_e,0.0
EX_alagly_e,0.0
EX_ala_his_e,0.0
EX_ala_leu_e,0.0
EX_CE0074_e,0.0
EX_galam_e,0.0
EX_hista_e,0.0
24_25DHVITD3tm,0.0
25HVITD3t,0.0
COAtl,0.0
24_25VITD3Hm,0.0
24NPHte,0.0
10FTHF7GLUtl,0.0
10FTHFtm,0.0
11DOCRTSLtr,0.0
13DAMPPOX,0.0
24_25DHVITD2t,0.0
24_25DHVITD2tm,0.0
24_25DHVITD3t,0.0
25VITD2Hm,0.0
2AMACHYD,0.0
2AMACSULT,0.0
2AMADPTm,0.0
2MCITt,0.0
2OXOADOXm,0.0
2OXOADPTm,0.0
34DHPHEt,0.0
34DHXMANDACOX,0.0
34HPLFM,0.0
3AIBtm,0.0
3HAO,0.0
3MOBt2im,0.0
3MOPt2im,0.0
3MOXTYROX,0.0
3SALAOX,0.5376646610329477
42A12BOOX,0.0
4HBZCOAFm,0.0
4HBZFm,0.0
4HDEBRISOQUINEte,0.0
4HOXPACDOX_NADP,0.0
4MOPt2im,0.0
4MPTNLte,0.0
4NPHSULT,0.0
4PYRDX,0.0
5ADTSTSTERONEGLCtr,0.0
5ADTSTSTERONESULT,0.0
5ADTSTSTERONEte,0.0
5FTHFt2_1,0.0
5HOXINOXDA,0.0
5THFtl,0.0
5THFtm,0.0
7DHCHSTEROLtr,0.0
7DHFtm,0.0
A4GALTc,0.0
A4GALTg,0.0
A4GNT2g,0.0
AACTtm,0.0
ABO1g,0.0
ABO4g,0.0
ABO5g,0.0
ABO6g,0.0
ABO7g,0.0
ABO9g,0.0
ABTArm,0.0
ABTt,0.0
ABUTt2rL,0.0
ACACT10m,0.0
ACACT5p,0.0
ACACT8p,0.0
ACACT9p,0.0
ACALDtr,0.0
ACALDtx,0.0
ACCOALm,0.03974232094448277
ACCOAtr,0.0
ACETONEt2,0.0
ACGAGBSIDEtl,0.0
ACGALFUCGALACGALFUCGALACGLCGAL14ACGLCGALGLUSIDEte,0.0
ACGALtlg,0.0
ACGAMPM,0.3703051643192488
ACGAMtly,0.0
ACGBGBSIDEtl,0.0
ACHtn,0.0
ACHVESSEC_1,0.0
ACN13ACNGALGBSIDEtg,0.0
ACNACNGAL14ACGLCGALGLUSIDEtg,0.0
ACNACNGALGBSIDEtg,0.0
ACNAMlt,0.0
ACNAMtn,0.0
ACNGALACGLCGAL14ACGLCGALGLUSIDEte,0.0
ACNML,0.0
ACOAD10m,0.0
ACOAD8m,0.0
ACOAD9m,0.0
ACOAO7p,0.0
ACONTm,0.0
ACP1_FMN,0.0
ACSRTNMT,0.0
ACt2r,0.0
ADEt,0.15023474178403753
ADK3m,0.03974232094448276
ADNt4,0.0
ADNtl,0.0
ADNtm,0.0
ADPMAN,0.0
ADPRIBt,0.0
ADRNCOAtx,0.0
ADRNCRNt,0.0
AG13T16g,0.0
AG13T18g,0.0
AG13T2g,0.0
AGMTm,0.03974232094448277
AGTim,0.0
AHANDROSTANGLCte,0.0
AHEXASE2ly,0.0
AKGMALtm,0.0
AKGt4_3,0.0
AKR1C41,0.0
AKR1D,0.0
ALAGLYexR,0.0
ALASERNaEx,0.0
ALASm,0.0
ALATHRNaEx,0.0
ALCD21_D,0.0
ALCD22_D,0.0
ALDD20xm,0.0
ALDD2xm,0.0
ALDSTRNte,0.0
ALDSTRNtm,0.0
ALOX15,0.0
ALR3,0.0
AMACR2p,0.0
AMACRp,0.0
AMETr,0.0
AMETt2m,0.0
AMPDA,0.0
AMY2e,0.0
ANDRSTRNGLCte,0.0
ANDRSTRNGLCtr,0.0
ANDRSTRNtr,0.0
ANTIPYRENEte,0.0
APOCFm,0.0
APOC_LYS_BTNP,0.0
APRTO2,0.0
ARAB_Lt,0.0
ARABR,0.0
ARACHDCOAtx,0.0
ARACHDt2,0.0
ARACHt,0.0
ARGDCm,0.03974232094448276
ARGLYSex,0.0
ARGt4,0.0
ARTCOAL3_cho,0.0
R_group_phosphotase_2,0.0
R_group_phosphotase_3,0.0
ASCBOX_1,0.0
ASCBt,0.0
ASNCYSNaEx,0.8433098591549298
ASNGLNNaEx,0.0
ASNNm,0.0
ASNt4,0.0
ASPDxt,0.0
ASPGLUm,0.0
ASPNATm,0.0
ASPt6,0.0
ASPTAm,0.0
ATP1ter,0.0
BILGLCURte,0.0
BILIRED,0.0
ATPasel_1,0.0
ATPtn,0.0
ATPtx,0.0
AVITE2t,0.0
B3GALT3g,0.0
B3GALT42g,0.0
B3GALTg,0.0
B3GNT11g,0.0
B3GNT310g,0.0
B3GNT315g,0.0
B3GNT31g,0.0
B3GNT34g,0.0
B3GNT37g,0.0
B3GNT39g,0.0
B3GNT51g,0.0
BAAT1x,0.0
BAAT3x,0.0
BALAVECSEC_1,0.0
BDHm,0.0
BETALDHxm,0.0
BHBtm,0.0
BHMT,0.0
BILDGLCURt,0.0
BTNDm,0.0
BTNPL,0.0
BTNt2m,0.0
BTNt3i_1,0.0
BVITEt,0.0
BZtr,0.0
C160CPT1,0.0
C160CPT2,0.0
C160CRNt,0.0
C161CPT1,0.0
C161CPT12,0.0
C161CPT2,0.0
C161CRN2t,0.0
C161CRNt,0.0
C180CPT1,0.0
C181CPT1,0.0
C181CRNt,0.0
C204CPT1,0.0
C204CPT2,0.0
C226COAtx,0.0
C226CPT1,0.0
C226CPT2,0.0
C226CRNt,0.0
C3STDH1r,0.0
C4STMO1r,0.0
C4STMO2Pr,0.0
CAATPS_1,0.0
CAROtr,0.0
CAt7r,-0.1905160277439727
CATm,0.07948464188896551
CATp,0.0
CBL2tm,0.0
CBPPer,0.0
CBR2,0.0
CDIPTr,0.0
CDPDAGtm,0.0
CDS,0.0
CERT1gt,0.0
CERT1rt,0.0
CERT2rt,0.0
CH25H,0.0
CHATn,0.0
CHLP,0.0
CHOLD2m,0.0
CHOLK,0.0
CHOLPtl,0.0
CHOLtn,0.0
CHOLtr,0.0
CHSTEROLt3,0.0
CITRtm,-0.03974232094448276
CITtam,0.0
CK_cho,0.0
CLHCO3tex2,0.0
CLOXAtex2,0.0
CLPNDCOAtx,0.0
CLPNDCPT1,0.0
CLPNDt,0.0
CMPACNAtn,0.0
ACNMCT,0.0
CO2tg,0.0
CO2tm,-0.03974232094448277
COAtim,1.5457674485979973e-18
COKECBESr,0.0
COQ3m,0.0
COQ6m,0.0
COQ7m,0.0
CORE3GTg,0.0
CORE6GTg,0.0
CORE7GTg,0.0
CREATt4_2_r,0.0
CREATtmdiffir,0.0
CRMPte,0.0
CRNCAR3tp,0.0
CRNCARtp,0.0
CRNt,-1.432729754811432e-33
CRNtHa,0.0
CRNtuNa,0.0
CRTNsyn_cho,0.0
CRTSLt,0.0
CRTSLtm,0.0
CRTSLtr,0.0
CRVNCtr,0.0
CSAPASEly,0.0
CSCPASEly,0.0
CSEPASEly,0.0
CSNAT2m,-5.88947076515807e-18
CSNAT2x,0.0
CSNAT3x,-5.889470765158073e-18
CSNATm,0.0
CSNATp,0.0
CSNATr,0.0
CSPG_Atly,0.0
CSPG_Ct,0.0
CSPG_Ctly,0.0
CSPG_Dt,0.0
CSPG_Dtly,0.0
CTPtn,0.0
CYANt,0.0
CYANtm,0.0
CYSALANaEx,0.0
CYSASNNaEx,0.0
CYSGLYex,0.0
CYSO,1.0753293220658955
CYSSERNaEx,0.0
CYStec,0.0
CYSTGLUex,0.0
CYTDn,0.0
CYTDt,0.4066901408450704
CYTDtl,0.0
CYTK12,0.0
CYTK12n,0.0
CYTK13n,0.0
CYTK14,0.0
CYTK1m,0.0
CYTK2n,0.0
CYTK3,1.912713390104214
CYTK4,0.0
CYTK5n,0.0
CPK1,0.0
CYTK6n,0.0
CYTK7,0.0
CYTK7n,0.0
CYTK8,0.0
CYTK8n,0.0
DAG_HSter,0.0
DAGK_hs,0.0
DARGOp,0.0
DASCBH,0.0
DASPO1p,0.0
DATPtn,0.0
DCK1m,0.0
DCK1n,0.0
DLNLCGCPT2,0.0
DCSPTN1CPT1,0.0
DCSPTN1CRNt,0.0
DCSPTN1t,0.0
DCTPtn,0.0
DCYTDn,0.0
DCYTt,0.0
DECDPtm,0.0
DEDOLP2_L,0.0
DESAT18_10,0.0
DESAT18_6,0.0
DESAT18_12,0.0
DESAT22_2p,0.0
DESAT24_1,0.0
DGCHOLte,0.0
DGSNt,0.0
DGSNtm,0.0
DHCRD2,0.0
DHDPBMTm,0.0
DHEASt,0.0
DHEASULT,0.0
DHEAtr,0.0
DHFtl,0.0
DHFtm,0.0
DHORD9,0.0
DHPM1,0.43273841099319665
DIGALSGALSIDEtg,0.0
DIGALSIDEtl,0.0
DITPtn,0.0
D_LACt2,0.0
DLNLCGCPT1,0.0
DM_Asn_X_Ser_Thr_l,0.0
DM_core5_g,0.0
DM_dem2emgacpail_prot_hs_r,0.0
DM_dgpi_prot_hs_r,0.0
DM_dsT_antigen_g,0.0
DM_kdn_c,0.0
DM_melanin_c,0.0
DM_n5m2masn_g,0.0
DM_oretn_n,0.0
DM_Ser_Thr_l,0.0
DM_Ser_Gly_Ala_X_Gly_l,0.0
DM_sprm_c,0.0
DMANTIPYRINEte,0.0
DMATTx,0.0
DMGDHm,0.0
DMGtm,0.0
DMHPTCRNCPT2,0.0
DMHPTCRNte,0.0
C110CPT2m,0.0
DMNONCRNt,0.0
DNADtn,0.0
DNDPt10m,0.0
DNDPt11m,0.0
DNDPt13m,0.0
DNDPt14m,0.0
DNDPt15m,0.0
DNDPt16m,0.0
DNDPt17m,0.0
DNDPt18m,0.0
DNDPt1m,0.0
DNDPt20m,0.0
DNDPt21m,-8.235105253197542e-18
DNDPt25m,0.0
DNDPt28m,0.0
DNDPt32m,0.0
DNDPt37m,0.0
DNDPt38m,0.03974232094448276
DNDPt39m,0.0
DNDPt40m,0.0
DNDPt42m,0.0
DNDPt43m,0.0
DNDPt45m,0.0
DNDPt49m,0.0
DNDPt50m,0.0
DNDPt52m,0.0
DNDPt55m,0.0
DNDPt56m,0.0
DNDPt57m,0.0
DNDPt59m,0.0
DNDPt5m,0.0
DNDPt60m,0.0
DNDPt61m,0.0
DNDPt62m,0.0
DNDPt63m,0.0
DNDPt6m,0.0
DOLGPP_Ler,0.0
DOLICHOL_Lter,0.0
DOLICHOL_Uter,0.0
DOLK_U,0.0
DOLPH_Uer,0.0
DOLPMT_U,0.0
DOLP_Lter,0.0
DOLP_Uter,0.0
DOPAt4_2_r,-7.334320825559419
DOPAtu,7.33432082555942
DOPAVESSEC_1,0.0
DPCOAtl,0.0
DPGase,0.0
DSAT,0.0
DTDPtn,0.0
DUDPtn,0.0
DURAD2,0.0
DURIt,0.0
DUTPDPm,0.0
EBASTINEOHtr,0.0
EBASTINEte,0.0
ECOAH12m,0.0
ECOAH9m,0.0
EICOSTETCPT1,0.0
ENGASE2ly,0.0
ESTRADIOLGLCtr,0.0
ESTRADIOLt,0.0
ESTRIOLGLCte,0.0
ESTRIOLtr,0.0
ESTRONEGLCt,0.0
ESTRONESt,0.0
ESTRONESt2,0.0
ESTRONEtr,0.0
ETF,0.0
ETFQO,0.0
ETHAK,0.0
F1Atg,0.0
FACOAL170,0.0
FACOAL1821,0.0
FACOAL1822,0.0
FACOAL1831,0.0
FACOAL184,-4.982646493952854e-16
FACOAL203,0.0
FACOAL204,0.0
FACOAL2042,0.0
FACOAL205,0.0
FACOAL2251,0.0
FACOAL2252,0.0
FACOAL240_1,0.0
FACOAL241,0.0
FACOAL245_1,0.0
FACOAL40im,0.0
FACOAL80,0.0
FADH2tru,0.0
FADH2tx,0.0
FADtru,0.0
FADtx,0.0
FAEL184,0.0
FAEL204,0.0
FAEL205,0.0
FAH1,0.0
FAH2,0.0
FALDH,0.0
FALDtly,0.0
FALDtm,0.0
FAOXC11,0.0
FAOXC16080m,0.0
FAOXC16080x,0.0
FAOXC180x,0.0
FAOXC1811601m,0.0
FAOXC1811603m,0.0
FAOXC182806m,0.0
FAOXC18280m,0.0
FAOXC183806m,0.0
FAOXC18480m,0.0
FAOXC200180x,0.0
FAOXC2031836m,0.0
FAOXC204,0.0
FAOXC2051843m,0.0
FAOXC2051843x,0.0
FAOXC2251836m,0.0
FAOXC2252053m,0.0
FAOXC2252053x,0.0
GCHOLAte,0.0
FAOXC226205m,0.0
FAOXC2442246x,0.0
FAOXC2452253x,0.0
FAOXC2452256x,0.0
FAOXC246226x,0.0
FAOXC260240x_1,0.0
FAS160COA,0.0
FATP1t,0.0
FATP2t,0.0
FATP3t,0.0
FATP7t,0.0
FATP8t,0.0
FBA5,0.0
FE2t,0.0
FE3R2e_1,0.0
FK,0.0
FKYNH,0.5199331324714218
FORMCOAtx,0.0
FORtm,0.0
FORtr,0.0
FPGS2,0.0
FPGS2m,0.0
FPGS3,0.0
FPGS4_1,0.0
FPGS4m_1,0.0
FPGS5,0.0
FPGS5m,0.0
FPGS6m,0.0
FPGS7m_1,0.0
FPGS8m,0.0
FPGS9,0.0
FPGSm_1,0.0
FRDPtc,0.0
FRDPtr,0.0
FRUt1r,0.0
FTHFDH,0.0
FTHFLmi,0.0
FUC14GALACGLCGALGLUSIDEte,0.0
FUC14GALACGLCGALGLUSIDEtg,0.0
FUCACGALFUCGALACGLCGALGLUSIDEte,0.0
FUCACNGAL14ACGLCGALGLUSIDEte,0.0
FUCACNGAL14ACGLCGALGLUSIDEtg,0.0
FUCACNGALACGLCGALGLUSIDEte,0.0
FUCASE2ly,0.0
FUCASEe,0.0
FUCFUC132GALACGLCGAL14ACGLCGALGLUSIDEte,0.0
FUCFUC132GALACGLCGAL14ACGLCGALGLUSIDEtg,0.0
FUCFUCFUCGALACGLC13GALACGLCGAL14ACGLCGALGLUSIDEte,0.0
FUCFUCFUCGALACGLC13GALACGLCGAL14ACGLCGALGLUSIDEtg,0.0
FUCFUCFUCGALACGLCGAL14ACGLCGALGLUSIDEte,0.0
FUCFUCFUCGALACGLCGAL14ACGLCGALGLUSIDEtg,0.0
FUCGALFUCGALACGLCGALGLUSIDEtg,0.0
FUCGALGBSIDEte,0.0
FUCGALGBSIDEtg,0.0
FUCtly,0.0
FUMAC,1.086502010292864
FUMSO4tm,0.0
FUMtm,0.0
FUT15g,0.0
FUT16g,0.0
FUT32g,0.0
FUT911g,0.0
FUT91g,0.0
FUT94g,0.0
FUT96g,0.0
FUT97g,0.0
FUT99g,0.0
G14T20g,0.0
G14T21g,0.0
G14T2g,0.0
G14T5g,0.0
G5SDym,0.0
G6PDH1er,0.0
G6PDH2er,0.0
G6PPer,0.0
GABAVESSEC_1,0.0
GACMTRc,0.0
GACPAILter,0.0
GALACGLCGALGBSIDEte,0.0
GALACGLCGALGBSIDEtg,0.0
GALASE10ly,0.0
GALASE12ly,0.0
GALASE13ly,0.0
GALASE15ly,0.0
GALASE16ly,0.0
GALASE17ly,0.0
GALASE19ly,0.0
GALASE1ly,0.0
GALASE20ly,0.0
GALASE4ly,0.0
GALASE7ly,0.0
GALASE8ly,0.0
GALASE9ly,0.0
GALFUC12GAL14ACGLCGALGLUSIDEtg,0.0
GALGALFUCFUCGALACGLCGALACGLCGAL14ACGLCGALGLUSIDEte,0.0
GALGALFUCFUCGALACGLCGALACGLCGAL14ACGLCGALGLUSIDEtg,0.0
GALGALGALTHCRMtg,0.0
GALGT2,0.0
GALGT3,0.0
GALNACT1g,0.0
GALNACT2g,0.0
GALNACT3g,0.0
GALNACT4g,0.0
GALNACT5g,0.0
GALSIDEtg,0.0
GALSIDEtl,0.0
GALt1r,0.0
GALT2g,0.0
GALtly,0.0
GAO1g,0.0
GASNASE2ly,0.0
GASNASEly,0.0
GBA,0.0
GBGT1,0.0
GBSIDEte,0.0
GBSIDEtl,0.0
GCCam,0.0
GCHOLAt2,0.0
GD1B2te,0.0
GD1Cte,0.0
GDPFUCtg,0.0
GFUCS,0.0
GGH_10FTHF7GLUl,0.0
GGH_5THFl,0.0
GGH_6DHFl,0.0
GGH_7THFe,0.0
GGLUCT,0.0
GHMT2rm,0.0
GLAl,0.0
GLB1,0.0
GLCAASE4ly,0.0
GLCAASE6ly,0.0
GLCAASE7ly,0.0
GLCAASE8ly,0.0
GLCAASE9ly,0.0
GLCAT4g,0.0
GLCAT5g,0.0
GLCAT6g,0.0
GLCAT7g,0.0
GLCAT8g,0.0
GLCNACASE5ly,0.0
GLCNACDASg,0.0
GLCNACT2g,0.0
GLCNACT5g,0.0
GLCter,0.0
GLCtly,0.0
GLGNS1,0.0
GLNALANaEx,0.0
GLNASNNaEx,0.0
GLNCYSNaEx,0.0
GLNtm,0.0
GLPASE1,0.0
GLPASE2,0.0
GLRASE,0.0
GLUt6,0.0
GLXO2p,0.0
GLXtp,0.0
GLYAMDTRc,0.0
GLYBt4_2_r,0.0
GLYCLTDym,0.0
GLYCLTtp,0.0
GLYC_St,0.0
GLYOp,0.0
GLYt4,0.0
GLYt7_211_r,0.0
GLYtm,0.0
GLYVESSEC_1,0.0
GMPtg,0.0
GMPtn,0.0
GNDer,0.0
GNMT,0.2394641640077732
GP1CALPHAtg,0.0
GPAM_hs_1,0.0
GPIDA2er,0.0
GPIDAer,0.0
GQ1BALPHAte,0.0
GQ1Btg,0.0
GT1Ate,0.0
GT1Atg,0.0
DHAOX_c,0.0
GTHOm,0.0
GTHPm,0.0
GTHS,0.0
GULLACter,0.0
GULN3D,0.0
GULNDer,0.0
GULNter,0.0
GUR1PP,0.0
HCO3Em,0.0
H2O2syn,0.0
H2O2t,0.0
H2O2tm,0.07948464188896552
H2Oter,0.0
H2Otg,0.0
H3MTer_U,0.0
H4ET3er,0.0
H4ETer,0.0
H6ET3er,0.0
H7ET2er,0.0
HACD1x,0.0
HACD9m,0.0
HAS1,0.0
HAtly,0.0
HBZOPT10m,0.0
HCO3_CLt,0.0
HCOUMARINte,0.0
HDCAt,0.0
HDD2COAtx,0.0
HESTRATRIOLte,0.0
HESTRATRIOLtr,0.0
HEX4,0.0
HEXCt,0.0
HISDC,0.0
HISt4,0.0
HISTAVESSEC_1,0.0
HMGCOASm,0.0
HMGCOAtm,0.0
HMGCOAtx,0.0
HMGLm,0.0
HMGLx,0.0
HOMt4,0.0
HPACtr,0.0
HPDCACRNCPT1,0.0
HPDCACRNCPT2,0.0
HPYRDCm,0.0
HPYRR2x_1,0.0
HPYRtp,0.0
HS2ly,0.0
HSAT2ly,0.0
HSAT3ly,0.0
HSD17B42x_1,0.0
HSD17B4x,0.0
HSD17B7r,0.0
HSD17B8r,0.0
HSD17B9r,0.0
HSD3A1r,0.0
HSD3B11,0.0
HSD3B12r,0.0
HSD3B13,0.0
HSD3B3r,0.0
HSD3B7P,0.0
HSPASEly,0.0
HSPGt,0.0
HTAXOLte,0.0
Htx,0.0
HXANtx,0.0
HYPTROX_cho,0.0
ICDHyp,0.0
IDHPOXOX2b,0.0
IDHPOXOX3,0.0
IDHPOXOX4,0.0
IDHPOXOXb,0.0
IDOAASE3ly,0.0
IDOAASE4ly,0.0
IDOURtly,0.0
IDPtn,0.0
ILEt4,0.0
ILEtmi,0.0
ILETAm,0.0
INOSTO,0.0
INSt,0.3186619718309859
INSTt4,0.0
IPDPtx,0.0
ITCOALm,0.0
ITPtn,0.0
KCC2t,0.0
KCCt,0.0
KHK,0.0
KHK2,0.0
KSII_CORE2tly,0.0
KSII_CORE4t,0.0
KSItly,0.0
KYN3OX,0.0
KYNATESYN,0.0
LACZe,0.0
LALDO,0.0
LAPCOAl,0.0
LCADi_D,0.0
LCTStg,0.0
LCYSTAT,0.0
LCYSTCBOXL,1.0753293220658955
LEUKTRA4tr,0.0
LEUKTRB4t,0.0
LEUKTRB4tr,0.0
LEUKTRC4t,0.0
LEUKTRD4t,0.0
LEUKTRE4t,0.0
LEUKTRF4t,0.0
LEUTAm,0.0
TTCCOAtx,0.0
LIMNENte,0.0
LINKDEG1ly,0.0
LINKDEG2ly,0.0
LINKDEG3ly,0.0
LIPOti_1,0.0
L_LACtcm,0.0
LNLCCPT1,0.0
LNLCCPT2,0.0
LNLCCRNt,0.0
LNLCt,0.0
LNLNCAt,0.0
LNLNCGCPT2,0.0
LNLNCGCRNt,0.0
LNLNCGt,0.0
LPASE,0.0
LPS2,0.0
LPS3e,0.0
LPS4e,0.0
LRAT1,0.0
LRAT2,0.0
LSTO1r,0.0
LTC4CP,0.0
LTC4Sr,0.0
LTDCL,0.0
LYSt4,0.0
LYStm,0.0
LYStn,0.0
M4BTAer,0.0
M4CET3er,0.0
MACACI,1.086502010292864
MALTe,0.0
MALTly,0.0
MALtm,0.0
MALTt1r,0.0
MANt1r,0.0
MANtly,0.0
MCDp,0.0
MCLACCYSR,0.0
MCLORi,0.0
ME1m,0.0
ME2m,0.0
MECOALm,0.0
MECOAS1m,0.0
MELATN23DOX,0.0
MELATNOX,0.0
MEOHt2,0.0
MESCOALm,0.0
METtec,0.0
MGACONm,0.0
MGSA2,0.0
MHISOR,0.0
MI1345PP,0.0
MI134P4P,0.0
MI134PP,0.0
MI145PK,0.0
MI145PP,0.0
MI14PP,0.0
MI1P_Dtn,0.0
MMCDm,0.0
MMEm,0.0
MMMm,0.0
MMSAD1m,0.0
MMTSADm,0.0
MOGAT,0.0
MTHFCm,0.0
MTHFD2m,0.0
N3Tg,0.0
NABTNO,0.0
NACASPAH,0.0
NACHEX10ly,0.0
NACHEX13ly,0.0
NACHEX16ly,0.0
NACHEX17ly,0.0
NACHEX1ly,0.0
NACHEX20ly,0.0
NACHEX25ly,0.0
NACHEX26ly,0.0
NACHEX27ly,0.0
NACHEX3ly,0.0
NACHEX5ly,0.0
NACHEX6ly,0.0
NACHEX7ly,0.0
NACHEX8ly,0.0
NACHEX9ly,0.0
NACHEXA10ly,0.0
NACHEXA11ly,0.0
NACHEXA12ly,0.0
NACHEXA13ly,0.0
NACHEXA15ly,0.0
NACHEXA18ly,0.0
NACHEXA20ly,0.0
NACHEXA21ly,0.0
NACHEXA2ly,0.0
NACHEXA3ly,0.0
NACHEXA4ly,0.0
NACHEXA5ly,0.0
NACHEXA7ly,0.0
NACHEXA9ly,0.0
NACt,0.0
NADHtru,0.0
NADNe,0.0
NADPHtru,0.0
NADPtru,0.0
NADPtxu,0.0
NADtn,0.0
NADtru,0.0
NAGAlby,0.0
NAIt,0.0
NAt3_1g,0.0
NBAHH_ir,0.0
NCCt,0.0
NDP7g,0.0
NDP8,0.0
NDP8ex,0.0
PI3P4Kn,0.0
NDPK3m,0.0
NDPK4m,0.0
NDPK4n,0.0
NDPK6m,-0.03974232094448276
NDPK7m,0.0
NDPK7n,0.0
NDPK9n,0.0
NH4tn,0.0
NH4tp,0.0
NICRNS,0.0
NICRNTtn,0.0
NIFEDIPINEte,0.0
NKCC2t,0.0
NOS2_2,0.0
NRPPHRSULT,0.0
NRVNCCOAtx,0.0
NS26T2g,0.0
NS26Tg,0.0
NTD1m,0.0
NTD2l,0.0
NTD4e,0.0
NTD5m,0.0
NTD7e,0.0
NTD9e,0.0
NTD9l,0.0
O16G1e,0.0
O16G2e,0.0
O2Stm,0.0
O2Stn,0.0
O2ter,0.0
O2tn,0.0
OCBTm,0.0
OCCOAtm,0.0
OCCOAtx,5.889470765158071e-18
OIVD2m,0.0
OMEPRAZOLEte,0.0
ORETNF,0.0
ORNt4m,-0.03974232094448276
ORNt,1.0
OXAtp,0.0
P45011B21m,0.0
P45017A2r,0.0
P45017A3r,0.0
P45017A4r,0.0
P45019A1r,0.0
P45021A1r,0.0
P45027A11m,0.0
P45027A13m,0.0
P45027A14m,0.0
P45027A15m,0.0
P4502A6,0.0
P4502C18,0.0
P4502C8,0.0
P4502C92,0.0
P4502D6,0.0
P4502E1,0.0
P4503A4,0.0
P45046A1r,0.0
P4504F122r,0.0
P4504F123r,0.0
P4504F81r,0.0
P4507A1r,0.0
P4507B11r,0.0
P4507B12r,0.0
P4508B11r,0.0
P450LTB4r,0.0
P5CRm,0.0
PA_HSter,0.0
PAIL_HStn,0.0
PAIL45P_HStn,0.0
PAPStg,0.0
PAPtg,0.0
PCFLOPm,0.0
PCHOL_HSter,0.0
PCHOLP_hs,0.0
PCHOLPg_hs,0.0
PCHOLPr_hs,0.0
PCREATtmdiffir,0.0
PCRNtc,-5.889470765158072e-18
PCRNtm,-5.88947076515807e-18
PDE1g,0.0
PI34P5K,0.0
PI34P5Kn,0.0
PI3P4K,0.0
PDE4g,0.0
PDHm,0.0
PDXPP,0.0
PEFLIP,0.0
PERILLYLte,0.0
PEROXx,0.0
PETHCT,0.0
PGDI,0.0
PGLer,0.0
PGLYCt,0.0
PGPP_hs,0.0
PGPPT,0.0
PHCHGSm,0.0
PHEACGLNt,0.0
PHEMEtm,0.0
PHEt4,0.0
PHETA1m,0.0
PHYCBOXL,0.0
PHYHx,0.0
PHYQt,0.0
PHYTt,0.0
PI345P5P,0.0
PI34P3Pn,0.0
PI34P4Pn,0.0
PI45P3K,0.0
PI45P5P,0.0
PI4P3Kn,0.0
PI4PLC,0.0
PI4PLCn,0.0
PI5P4Kn,0.0
PIACGT,0.0
PROSTGE1t,0.0
PROSTGE2t,0.0
PIK4n,0.0
PIK5n,0.0
PIPLC,0.0
PIPLCn,0.0
PIter,0.0
PItg,0.0
PItn,0.0
PItx,0.0
PLA2_2,0.0
PLA2_2e,0.0
PMI12346PH,0.0
PPAer,0.0
PPAm,0.0
PPAP,0.0
PPD2CSPp,0.0
PPItr,0.0
PPMI12346Ptn,0.0
PPOR,0.0
PPPG9tm,0.0
PPPGOm,0.0
PRDXl,0.0
PRGNLONESULT,0.0
PRGNLONEtr,0.0
PRGSTRNt,0.0
PRISTCOAtx,0.0
PRISTtx,0.0
PROD2m,0.0
PROSTGE2t2,0.0
PROSTGE2t3,0.0
PROSTGI2t,0.0
PROt4,0.0
PROtm,0.0
PSFLIP,0.0
PSFLIPm,0.0
PTDCACRNCPT2,0.0
PTE4x,0.0
PTRCOX1,0.0
PVD3,0.0
PYDXK,0.0
PYRt2p,0.0
QUILSYN,0.0
RADH2,0.0
RADH3,0.0
RAI1,0.0
RAI2,0.0
RAI3,0.0
RAI4,0.0
RAtn3,0.0
RBK_Dr,0.0
RDH1,0.0
RDH1a,0.0
RDH2,0.0
RDH2a,0.0
RDH4,0.0
RETFA,0.0
RETFAt,0.0
RETFAt1,0.0
RETH2e,0.0
RETHe,0.0
RETNGLCt2r,0.0
RETNGLCtr,0.0
RETNtr2,0.0
RIBt,0.0
RIBt2,0.0
RNMK,0.0
RTOTAL3CRNCPT2,0.0
S23Tg,0.0
S2L2N2M2MASNtly,0.0
S2T1g,0.0
S2T3g,0.0
S2T4g,0.0
S2TASE1ly,0.0
S2TASE2ly,0.0
S2TASE3ly,0.0
S2TASE5ly,0.0
S3TASE3ly,0.0
S4T2g,0.0
S4T3g,0.0
S4T4g,0.0
S4T5g,0.0
S4T6g,0.0
S4TASE1ly,0.0
S4TASE2ly,0.0
S4TASE3ly,0.0
S4TASE4ly,0.0
S6T18g,0.0
S6T1g,0.0
S6T20g,0.0
S6T21g,0.0
S6T24g,0.0
S6T25g,0.0
ST3GAL61g,0.0
S6T2g,0.0
S6T3g,0.0
S6TASE11ly,0.0
S6TASE14ly,0.0
S6TASE15ly,0.0
S6TASE16ly,0.0
S6TASE17ly,0.0
S6TASE1ly,0.0
S6TASE21ly,0.0
S6TASE24ly,0.0
S6TASE25ly,0.0
S6TASE26ly,0.0
S6TASE2ly,0.0
S6TASE3ly,0.0
S6TASE5ly,0.0
S6TASE6ly,0.0
S6TASE8ly,0.0
SACCD3m,0.0
SALMCOM,0.0
SALMCOM2,0.0
SARCStp,0.0
SBPP3er,0.0
SBTD_D2,0.0
SBTR,0.0
SCP2x_1,0.0
Ser_Thrtg,0.0
SERASNNaEx,0.0
SERGLYexR,0.0
SERLYSNaex,0.0
SERTHRNaEx,0.0
SERtN1,0.0
SFGTHi,0.0
SGALSIDEtg,0.0
SGALSIDEtl,0.0
SGPL12r,0.0
SIAASE2ly,0.0
SIAASE4ly,0.0
SLCBK1,0.0
SLDt,0.0
SMPD3g,0.0
SMS,0.0
SO4t4_2,0.0
SO4tl,0.0
SPH1Pter,0.0
SPHINGStl,0.0
SPHINGStr,0.0
SPHK21c,0.0
SPHMYLNtg,0.0
SPMDOX,0.0
SPODMe,0.0
SPR,0.0
SQLEr,0.0
SQLSr,0.0
SR5AR2r,0.0
SR5ARr,0.0
SRTNACT,0.0
SRTNt6_2_r,-0.09764492778359847
SRTNtu,0.09764492778359847
ST3GAL21g,0.0
ST3GAL22g,0.0
ST3GAL23g,0.0
ST3GAL31g,0.0
ST6GALNAC21,0.0
ST6GALNAC22,0.0
ST6GALNAC23,0.0
ST6GALNAC26,0.0
ST6GALNAC27,0.0
ST6GALNAC28,0.0
ST6GALNAC31_1,0.0
ST6GALNAC62,0.0
ST8SIA12,0.0
ST8SIA51g,0.0
ST8SIA52g,0.0
ST8SIA53g,0.0
ST8SIA56g,0.0
STCOAtx,0.0
STRDNCCPT1,0.0
STRDNCt,0.0
STS1,0.0
STS2,0.0
STS2r,0.0
SUCCtp,0.0
SUCD1m,0.0
SULFOX,0.0
T4HCINNMFM,0.0
TAGAT_Dt,0.0
TAURt4_2_r,0.0
TAXOLte,0.0
TCHOLAt,0.0
TCYNTtm,0.0
TDCHOLAtx,0.0
TDPm,0.0
TETHEX3COAtx,0.0
TETHEX3t,0.0
TETPENT3CPT1,0.0
TETPENT6COAtx,0.0
TETPENT6CPT1,0.0
TETPENT6CRNt,0.0
TETTET6CPT2,0.0
THCHOLSTOICtm,0.0
THD1m,0.0
THFtm,0.0
THMMPt4_1,0.0
THMMPtm_cho,0.0
THMt2m,0.0
THMTP,0.0
THMTPt_1,0.0
THRCYSNaEx,0.0
THRGLNNaEx,0.0
THRGLYexR,0.0
THRSERNaEx,0.0
THYMDtl,0.0
THYMDtm,0.0
THYOXt,0.0
THYPX,0.0
TMABADH,0.0
TMDK1m,0.0
TMLYSOX,0.0
TMNDNCCOAtx,0.0
TMNDNCCPT1,0.0
TMNDNCCRNt,0.0
TMNDNCt,0.0
TRDR2,0.0
TRIODTHYSUFt,0.0
TRIODTHYSULT,0.0
TRPHYDRO2,0.0
TRPO2,0.5199331324714218
TRPt4,0.0
TRYPTAOX,0.0
TSTSTERONEGLCte,0.0
TSTSTERONEGLCtr,0.0
TSTSTERONESte,0.0
TSTSTERONESULT,0.0
TSTSTERONEt,0.0
TSTSTERONEtr,0.0
TSULt4_3,0.0
TTDCAtr,0.0
TTDCPT2,0.0
TTDCRNt,0.0
TXA2tr,0.0
TYRASE,0.0
TYRDOPO,0.0
TYROXDAc,0.0
UAGALDP,0.0
UDPACGALtl,0.0
UDPGALtg,0.0
UDPGLCAtg,0.0
UDPGLCter,0.0
UDPGLDCg,0.0
UDPGNP,0.0
UDPGP,0.0
UDPtl,0.0
UDPXYLter,0.0
UDPXYLtg,0.0
UGALGTg,0.0
UGCG,0.0
UGT1A10r_1,0.0
UGT1A1r,0.0
UGT1A2r,0.0
UGT1A4r,0.0
UGT1A6r,0.0
UGT1A8r,0.0
UGT1A9r,0.0
UMPK3,0.0
UMPK4,0.0
UMPK4n,0.0
UMPK5,0.0
UMPK6n,0.0
UMPK7,0.0
UMPK7n,0.0
UMPKn,0.0
UMPtr,0.0
URATEt,0.0
UREAt5,0.0
UREAtm,-0.03974232094448276
URIt,0.0
Uritn,0.0
UROLACer,0.0
UTPtn,0.0
VITD3t,0.0
VLCS2p,0.0
VLCSp,0.0
WHTTDCAte,0.0
XAOx,0.0
XOL27OHtm,0.0
XOL7AH2tm,0.0
XOLDIOLONEt,0.0
XOLESTte,0.0
XOLTRI24te,0.0
XOLTRI25tc,0.0
XOLTRI25te,0.0
XOLTRIOLtm,0.0
XYLK,0.0
XYLTer,0.0
XYLTt,0.0
XYLUR,0.0
YVITEt,0.0
r0009,0.0
r0013,0.0
r0016,0.0
GDR,0.0
r0023,0.0
NOS2,0.0
r0027,0.0
NDP1,0.0
ACOAHim,0.0
r0074,0.0
r0083,0.0
r0086,0.0
r0113,0.0
r0139,0.0
r0142,0.07948464188896551
r0149,0.0
r0156,0.0
SPTc,0.0
r0166,0.0
SSALxm,0.0
ITPH2,0.0
r0202,0.0
MAN1PT,0.0
DHFR2i,0.0
r0242,0.0
r0246,0.0
r0249,0.0
r0287,0.0
ACOAR7m,0.0
r0310,0.0
r0311,0.0
r0319,0.0
r0330,0.0
r0354,0.0
r0355,0.0
r0358,0.0
r0361,0.0
r0381,0.0
r0383,0.0
PYDXNO,0.0
r0390_1,0.0
PHETHPTOX,0.14209701740094524
r0402,0.0
r0403,0.0
r0407,-5.19240053943505
r0408,-5.1924005394350505
r0409,0.0
r0410,0.0
r0425,0.0
r0433_1,0.0
r0434,0.0
r0437,0.0
r0438,0.0
r0441,0.0
r0451,0.0
r0463,0.0
r0465_1,0.0
RNTR1,-1.2662315465341287
RNTR2,-2.263058051154229
r0480,0.0
r0483,0.0
HMGCOAR,0.0
r0494,0.0
r0497,0.0
r0511,0.0
r0514,0.0
THFATm,0.0
SPHPL,0.0
r0546,0.0
r0557,0.0
r0558,0.0
r0568,0.0
r0571,0.0
r0573,0.0
r0579,0.0
DNADDP,-390.5916360815493
DPCOAPP,0.0
AASAD3,0.0
r0610,0.0
HPROx,0.0
HPROxm,0.0
HPROb,0.0
r0627,0.0
r0629,0.0
r0630,0.0
r0633,0.0
r0637,5.889470765158071e-18
r0642,0.0
AM6SAD,0.0
r0647,0.0
r0648,0.0
r0650,0.0
ACACT7m,0.0
r0656,0.0
ECOAH5p,0.0
r0669,0.0
r0670,0.0
r0672,0.0
r0688,0.0
r0698,0.0
r0706,0.0
r0716_1,0.0
r0717,0.0
HACD6m,0.0
r0721,0.0
HACD5p,0.0
ACACT5m,0.0
ECOAH4p,0.0
r0730,0.0
r0731,0.0
r0734,0.0
r0737,0.0
r0743,0.0
r0744,0.0
r0750,0.0
r0755,0.0
r0756,0.0
r0774,0.0
LNS14DMr,0.0
r0782,0.0
r0784,0.0
r0786,0.0
SBPP1,0.0
r0788,0.0
r0789,0.0
r0797,0.0
r0801,0.03974232094448276
r0812,0.0
r0819,0.0
r0822,0.0
r0829,0.07948464188896551
r0830,-0.07948464188896552
r0836,0.0
r0839,0.0
r0840,0.0
r0841,0.0
r0842,0.0
r0845,0.0
r0859,0.0
r0870,0.0
r0885,0.0
r0892,0.0
r0899,-0.7869718309859155
r0907,0.03974232094448277
r0908,0.0
r0909,0.0
MALICITtm,0.0
r0915,0.0
r0921,0.0
r0924,0.0
r0926,0.0
r0932,0.0
r0936,0.0
r0937,0.0
r0940,0.0
r0942,0.0
SPMDtex2,0.0
r0954,0.0
r0960,0.0
r0962,0.0
r0975,0.0
r0983,0.0
r0984,0.0
r0986,0.0
r0987,0.0
r0989,0.0
r0994,0.0
r0997,5.889470765158071e-18
CARN1619Zt_m,0.0
r1002,0.0
r1005,0.0
r1007,0.0
r1008,0.0
r1013,0.0
r1014,0.0
r1017,0.0
r1028,0.0
r1029,0.0
r1043,0.0
r1044,0.0
r1045,0.0
r1051,0.0
CITt4_1,0.0
r1117,0.0
r1134,0.0
r1148,0.0
r1150,0.0
r1155,0.0
r1162,0.0
r1163,0.0
r1164,0.0
r1167,0.0
r1170,0.0
r1175,0.0
r1177,0.0
r1179,0.0
r1182,0.0
r1251,0.0
r1252,0.0
r1253,0.0
r1254,4.982646493952854e-16
r1260,0.0
r1262,0.0
PPCOAtm,0.0
r1292,-5.889470765158073e-18
r1298,0.0
r1304,0.0
r1364,0.0
r1365,0.0
r1374,0.0
r1375,0.0
r1378,0.0
r1382_1,0.0
r1383_1,0.0
r1384,0.494335616509582
r1392,0.0
r1400,-5.889470765158071e-18
HCO3Ee,0.0
r1421,0.0
PIt,0.0
r1428,0.0
ALAtmi,0.0
r1435,0.0
r1437,0.0
ACOAO5p,0.0
ACOAO4p,0.0
r1448,0.0
r1449,0.0
r1450,0.0
PHEt2m,0.0
r1456,0.0
r1467,0.0
r1468,0.0
r1487,0.0
GTHRDt2,0.0
r1495,0.0
r1497,0.0
r1498,0.0
r1499,0.0
r1502,0.0
r1503,0.0
r1515,0.0
r1518,0.0
r1519,0.0
r1520,0.0
r1525,0.0
r1530,0.0
r1531_1,0.0
r1533_1,0.0
r1536,0.0
r1540,0.0
r1547,0.0
r1548,-2.9483568075117375
r1549,0.0
r1552,0.0
r1553,0.0
r1554,0.0
r1556,0.0
r1557,0.0
r1560,0.0
r1561,0.0
r1562,0.0
r1564,0.0
r1565,0.0
r1567,0.0
r1568,0.0
r1571,0.0
r1578,0.0
r1579,0.0
r1581,0.0
r1584,0.0
r1585,0.0
r1586,0.0
r1587,0.0
r1588,0.0
r1589,0.0
r1590,0.0
r1591,0.0
r1593,0.0
r1594,0.0
r1595,0.0
r1597,0.0
r1603,0.0
r1604,0.0
r1610,0.5962441314553991
r1611,0.0
r1612,0.0
r1613,0.0
r1615,0.0
r1616,0.0
r1617,0.0
TYRPHELAT2tc,2.421361502347418
CYSPHELAT2tc,0.0
r1621,0.0
ASNPHELAT2tc,0.0
VALPHELAT2tc,0.0
THRPHELAT2tc,0.0
ILEPHELAT2tc,0.0
r1629,0.0
r1630,0.0
r1631,0.0
r1632,0.0
r1634,0.0
r1637,0.0
r1641,-1.1167840375586855
r1645,0.0
ILELAT1tc,0.0
r1648,0.0
r1649,0.0
r1652,0.0
r1657,0.0
r1659,0.0
r1661,0.0
r1666,0.0
r1671,0.0
r1673,0.0
r1674,0.0
r1676,0.0
r1678,0.0
r1680,0.0
r1685,0.0
r1686,0.0
r1692,0.0
r1693,0.0
r1696,0.0
r1700,0.0
r1701,0.0
r1705,0.0
r1706,0.0
r1707,0.0
r1710,0.0
r1717,0.0
r1722,0.0
r1723,0.0
r1726,0.0
r1731,0.0
r1732,0.0
r1736,0.0
r1744,0.0
r1745,0.0
r1746,0.0
r1747,0.0
r1748,0.0
r1750,0.0
r1752,0.0
r1753,0.0
r1754,0.0
r1755,0.0
r1758,0.0
r1762,0.0
r1763,0.0
r1764,0.0
r1766,0.0
r1768,0.0
r1771,0.0
r1774,0.0
r1778,0.0
r1779,0.0
r1781,0.0
r1783,0.0
r1784,0.0
r1786,0.0
r1789,0.0
r1790,0.0
r1791,0.0
r1792,0.0
r1796,0.0
r1797,0.0
r1798,0.0
r1799,0.0
r1805,0.0
r1806,0.0
r1809,0.0
r1811,0.0
r1814,0.0
r1817,0.0
r1818,0.0
r1820,0.0
r1821,0.0
r1822,0.0
r1823,0.0
r1824,0.0
r1827,0.0
r1829,0.0
r1830,0.0
r1832,0.0
r1833,0.0
r1836,0.0
r1837,0.0
r1841,0.0
r1842,0.0
r1846,0.0
r1847,0.0
r1848,0.0
r1851,0.0
r1853,0.0
r1854,0.0
r1855,0.0
r1857,0.0
r1858,0.0
r1860,0.0
r1861,0.0
r1864,0.0
r1865,0.0
r1867,0.0
r1874,0.0
r1876,0.0
r1877,0.0
r1880,0.0
r1881,0.0
r1882,0.0
r1885,0.0
r1887,0.0
r1889,0.0
r1890,0.0
r1892,0.0
r1893,0.0
r1898,0.0
r1899,0.0
r1900,0.0
r1901,0.0
r1903,0.0
r1904,0.0
r1905,0.0
r1907,0.0
r1908,0.0
r1910,0.0
r1912,3.775821596244131
r1916,0.0
r1918,0.0
r1920,0.0
r1921,0.0
r1925,0.0
r1928,0.0
r1932,0.0
r1935,0.0
r1940,0.0
r1944,0.0
r1945,0.0
r1948,0.0
r1949,0.0
r1951,0.0
r1954,0.0
r1957,0.0
r1961,0.0
r1962,1.5874413145539903
r1963,0.0
r1964,0.0
r1965,0.0
r1967,0.0
r1970,0.0
r1972,0.6525821596244131
r1974,0.0
r1976,0.0
r1980,0.7916666666666667
r1981,0.0
r1983,0.0
r1984,0.0
r1985,0.0
r1986,0.8397887323943664
r1987,0.0
r1989,0.0
r1997,0.0
r2000,0.0
r2001,0.0
r2003,0.0
r2004,0.0
r2005,0.0
r2007,0.0
r2011,0.0
r2013,0.0
r2014,0.0
r2016,0.0
r2017,0.0
r2018,0.0
r2021,0.0
r2023,0.0
r2026,0.0
r2030,0.0
r2031,0.0
r2032,0.0
r2035,0.0
r2036,0.0
r2038,0.0
r2039,0.0
r2040,0.0
r2041,0.0
r2046,0.0
r2047,0.0
r2048,0.0
r2049,0.0
r2050,0.0
r2051,0.0
r2055,0.0
r2056,0.0
r2058,0.0
r2060,0.0
r2063,1.7253521126760567
r2065,0.0
r2067,0.0
r2068,0.0
r2071,0.0
r2073_1,0.0
r2080,0.0
r2081,0.0
r2084,0.0
r2085,0.0
r2086,0.0
r2087,0.0
r2088,0.0
r2089,0.0
r2090,0.0
r2092,0.0
r2093,0.0
r2094,0.0
r2096,0.0
r2100,0.0
r2101,0.0
r2104,0.0
r2106,0.0
r2108,0.0
r2111,0.0
r2113,0.0
r2114,0.0
r2115,0.0
r2120,0.0
r2121,0.0
r2122,0.0
r2123,0.0
r2125,0.0
r2126,0.0
r2130,0.0
r2133,0.0
r2139,0.0
r2141,0.0
r2146,0.0
r2149,0.0
r2150,0.0
r2151,0.0
r2153,0.0
r2159,0.0
r2164,0.0
r2165,0.0
r2166,0.0
r2167,0.0
r2172,0.0
r2173,0.0
r2175,0.0
r2176,0.0
r2177,0.0
r2178,0.0
r2179,0.0
r2189,0.0
r2191,0.0
r2192,0.0
r2193,0.0
r2195,0.0
r2196,0.0
r2199,0.0
r2201,0.0
r2202,0.0
r2204,0.0
r2205,0.0
r2206,0.0
r2210,0.0
r2211,0.0
r2212,0.0
r2213,0.0
r2215,0.0
r2217,0.0
r2219,0.0
r2226,0.0
r2227,0.0
r2228,0.0
r2229,0.0
r2230,0.0
r2231,0.0
r2233,0.0
r2236,0.0
r2237,0.0
r2238,0.0
r2239,0.0
r2242,0.0
r2244,0.0
r2245,0.0
r2246,0.0
r2247,0.0
r2248,0.0
r2249,0.0
r2250,0.0
r2255,0.0
r2256,0.0
r2257,0.0
r2258,0.0
r2260,0.0
r2264,0.0
r2265,0.0
r2266,0.0
r2268,0.0
r2273,0.0
r2275,0.0
r2276,0.0
r2277,0.0
r2278,0.0
r2282,0.0
r2283,0.0
25HVITD2tin_m,0.0
r2289,0.0
r2293,0.0
r2294,0.0
r2297,0.0
r2299,0.0
r2300,0.0
r2342,0.0
r2301,0.0
r2307,0.0
r2309,0.0
r2310,0.0
r2313,0.0
r2315,0.0
r2317,0.0
r2321,0.0
r2324,0.0
r2325,0.0
r2331,0.0
r2332,0.0
r2333,0.0
r2334,0.0
r2439,0.0
r2335,0.0
r2341,0.0
RE0512X,0.0
RE0567C,0.0
r2344,0.0
r2347,0.0
r2352,0.0
RE0568C,0.0
r2354,0.0
r2472,0.0
G6Pt6er,0.0
RE0569C,0.0
r2484,0.0
r2486,0.0
r2355,0.0
r2357,0.0
r2358,0.0
r2487,0.0
r2359,0.0
r2488,0.0
RE0569E,0.0
r2489,0.0
r2491,0.0
r2360,0.0
r2362,0.0
r2363,0.0
r2366,0.0
r2492,0.0
r2493,0.0
r2496,0.0
r2369,0.0
r2374,0.0
r2375,0.0
r2377,0.0
r2382,0.0
r2502,0.0
r2505,0.0
r2506,0.0
r2509,0.0
r2510,0.0
r2384,0.0
r2385,0.0
r2512,0.0
r2387,0.0
r2514,0.0
r2388,0.0
r2515,0.0
RE0570C,0.0
r2516,0.0
r2517,0.0
r2396,0.0
r2399,0.0
r2400,0.0
r2404,0.03974232094448276
r2518,0.0
RE0575C,0.0
r2519,0.0
r2520,0.0
r2405,0.0
r2407,0.0
GLNt,1.5833333333333335
r2532,0.0
r2408,0.0
RE0689E,0.0
r2409,0.0
r2411,0.0
r2534,0.0
r2538,0.0
r2412,0.0
r2419,0.0
RE0452M,0.0
RE0690E,0.0
RE0453C,0.0
RE0453M,0.0
RE0456N,0.0
RE1518X,0.0
RE1519X,0.0
RE1520M,0.0
RE1520X,0.0
RE1522M,0.0
RE0691C,0.0
RE1522X,0.0
RE1526M,0.0
RE0908C,0.0
RE1526X,0.0
RE1527M,0.0
RE1957R_1,0.0
RE0912C,0.0
RE1527X,0.0
RE0915C,0.0
RE1530M,0.0
RE1531M,0.0
RE0918C,0.0
RE1533X,0.0
RE0958C,0.0
RE1534M,0.0
RE1534X,0.0
RE1978C,0.0
RE1050E,0.0
RE2030M,0.0
RE2034C,0.0
RE1587C,0.0
RE1630C,0.0
RE1632C,0.0
CYANSTm,0.0
RE1709C,0.0
RE1804M,0.0
RE1807C,0.0
RE2069C,0.0
RE2078M,0.0
RE2080C,0.0
RE2111M,0.0
RE2112R,0.0
RE2122C,0.0
RE2127C,0.0
RE2130C,0.0
RE1810M,0.0
RE1826C,0.0
RE1834M,0.0
STS3,0.0
RE1835C,0.0
RE1845C,0.0
RE2155C,0.0
RE1898C,0.0
STS3r,0.0
RE1901R,0.0
RE1919C,0.0
RE1134C,0.0
STS4,0.0
RE1233C,0.0
RE2223M,0.0
AADSACYCL,0.0
RE2240C,0.0
RE2660C,0.0
RE2273E,0.0
RE1342C,0.0
RE2296C,0.0
RE2660N,0.0
RE2666C_1,0.0
RE2346C,0.0
RE2386C,0.0
RE2405C,0.0
RE1441R_1,0.0
RE2426C,0.0
RE2427M,0.0
RE2429M,0.0
RE2445E,0.0
RE1516X,0.0
RE2526C,0.0
RE2562C,0.0
RE1517M,0.0
RE2563C,0.0
RE3036C,0.0
RE2605C,0.0
RE2625M,0.0
RE2626M,0.0
RE2635C,0.0
RE2636C,0.0
RE2644C,0.0
RE2677E_1,0.0
RE2677N_1,0.0
RE2705C,0.0
RE2717L,0.0
RE2814M,0.0
RE2888C_1,0.0
RE2948C,0.0
RE2649M,0.03974232094448276
RE2651R,0.0
RE2658C,0.0
RE2972M_1,0.0
RE3041C,0.0
RE2973N_1,0.0
RE2974N_1,0.0
RE3044C,0.0
RE2985X,0.0
RE2986X,0.0
RE2991X,0.0
RE2992M,0.0
RE3050R,0.0
RE2998M,0.0
RE3076X,0.0
RE2999M,0.0
RE3000M,0.0
RE3192M,0.0
RE3079X,0.0
RE3001M,0.0
RE3081X,0.0
RE3002X,0.0
RE3005M,0.0
RE3010C,0.0
RE3010X,0.0
RE3193M,0.0
RE3194M,0.0
RE3011R,0.0
RE3013C,0.0
RE3103C,0.0
RE3014R,0.0
RE3016R,0.0
RE3017R,0.0
RE3201C,0.0
RE3224C,0.0
RE3228C,0.0
RE3231C,0.0
RE3104C,0.0
RE3232C,0.0
RE3234C,0.0
RE3108C,0.0
RE3236C,0.0
RE3237C,0.0
RE3241C,0.0
RE3243C,0.0
RE3432C,0.0
RE3434C,0.0
RE3436C,0.0
RE3437C,0.0
RE3247M,0.0
RE3247X,0.0
RE3251C,0.0
RE3251M,0.0
RE3252C,0.0
RE3476C,0.0
RE3476M,0.0
PI3PP,0.0
RE3273R_1,0.0
RE3110C,0.0
RE3286C,0.0
RE3287C,0.0
RE3485C,0.0
RE3486C,0.0
RE3488C,0.0
RE3288C,0.0
RE3289C,0.0
RE3490C,0.0
RE3307C,0.0
RE3491C,0.0
RE3346M,0.0
RE3113C,0.0
RE3513C,0.0
RE3513R,0.0
RE3367E,0.0
RE3520E,0.0
RE3114R,0.0
RE3524R,0.0
RE3381C,0.0
RE3119C,0.0
RE3411C_1,0.0
RE3413C,0.0
RE3525M,0.0
RE3526C,0.0
RE3526M,0.0
RE3565C,0.0
RE3566C,0.0
RE3567C,0.0
RE3421R,0.0
RE3422C,0.0
RE3570C,0.0
RE3587C,0.0
RE3597C,0.0
RE3120C,0.0
RE3597M,0.0
RE3597X,0.0
RE3122C,0.0
RE3626M,0.0
RE3628M,0.0
RE3146R,0.0
CITt4_4,0.0
C12OHc,0.0
RE3153C,0.0
HCO3_NAt,0.0
RE3156X,0.0
C141OHe,0.0
INSTt4_2,0.0
RE3165C,0.0
C142CPT1,0.0
C142OHc,0.0
RE3168C,0.0
C14OHc,0.0
C162ACBP,0.0
PIt9,0.0
RE3169C,0.0
C16OHc,0.0
C182OHc,0.0
PROt4_2_r,0.0
C18OHc,0.0
ACRNtp,0.0
HSD17B3r,0.0
RE3170C,0.0
3HBCOARc,0.0
ADPCOACROT,0.0
RE3174C,0.0
ADPCOAPTE,0.0
C102CPT1,0.0
C3DCe,0.0
C4CRNCPT2,0.0
RE3175C,0.0
C4CRNe,0.0
C4DCCACT,0.0
C10DCe,0.0
C10OHc,0.0
RE3178M,0.0
C120CPT1,0.0
C121CPT1,0.0
C4DCe,0.0
C4tcx,0.0
C4tmc,0.0
C51CPT1,0.0
C12DCTD,0.0
C12DCe,0.0
C5DCe,0.0
C60CPT1,0.0
RE3179M,0.0
C6COAt,0.0
RE3180C,0.0
FAOXC122m,0.0
C6DCCACT,0.0
C6DCc,0.0
C80CPT1,-5.889470765158072e-18
C81CRNe,0.0
DDCRNe,0.0
DOCOSACT,0.0
DOCOSACTDe,0.0
DOCOSACTDr,0.0
DOCOSCOAtxc,0.0
DOCO13EFATP,0.0
FAOXC16C16OHm,0.0
FAOXC123C102x,0.0
FAOXC16DCC14DCx,0.0
FAOXC16DCr,0.0
FAOXC16OHC16r,0.0
FAOXC170150m,0.0
FAOXC181C181OHm,0.0
FAOXC123m,0.0
FAOXC182C162m,0.0
FAOXC183C163m,0.0
FAOXC120100x,0.0
FAOXC184C163x,0.0
FAOXC184C164m,0.0
FAOXC184m,0.0
FAOXC185C164m,0.0
FAOXC18C18OHm,0.0
FAOXC204C205x,0.0
FAOXC101C8x,0.0
FAOXC12DCC10DCx,0.0
FAOXC101x,0.0
FAOXC102C101m,0.0
FAOXC102C81m,0.0
FAOXC221C201x,0.0
FAOXC225C204m,0.0
FAOXC225C226m,0.0
FAOXC225C226x,0.0
FAOXC102C81x,0.0
FAOXC102m,0.0
FAOXC102x,0.0
FAOXC226C225m,0.0
FAOXC227C226m,0.0
FAOXC12DCc,0.0
FAOXC22C22DCHYr,0.0
FAOXC22OHC22r,0.0
FAOXC103C102m,0.0
FAOXC103C102x,0.0
FAOXC10C10OHm,0.0
FAOXC10080m,0.0
FAOXC10080x,0.0
FAOXC121C101m,0.0
FAOXC3DC,0.0
FAOXC4020m,0.0
FAOXC4C4DCc,0.0
FAOXC61m,0.0
FAOXC6C4x,0.0
FAOXC6DCC4DCx,0.0
FAOXC12DCx,0.0
FAOXC81C61m,0.0
FAOXC8C6m,0.0
FAOXC8DCC6DCx,0.0
FAOXC13BRC11BRx,0.0
FAOXC9C7m,0.0
FAOXOHC16C16DCc,0.0
FAOXOHC22C22DCc,0.0
STCOATxc,0.0
SUBERCROT,0.0
FAOXC13C11m,0.0
SUBERICACT,0.0
SUCCCROT,0.0
FAOXC141C141OHm,0.0
TDCRNe,0.0
FAOXC142C122m,0.0
TETDECE1CRNe,0.0
TIGCRNe,0.0
FAOXC142C122x,0.0
FAOXC143C123m,0.0
FAOXC143C123x,0.0
FAOXC140120m,0.0
FAOXC14C14OHm,0.0
FAOXC15ATPx,0.0
34DHPHELAT1tc,0.0
4OHPROIMINOtc,0.0
ALAALACNc,-0.6189587083248
FAOXOHMC10DC10c,0.0
FAOXTC162TC142m,0.0
FAOXTC182TC162m,0.0
ALAALAPEPT1tc,0.0
ALAyLATthc,0.0
FAOXC15BRC13BRx,0.0
ARGATB0tc,0.0
FOAXC122C101x,0.0
FAOXC15NADx,0.0
ASNATB0tc,0.0
HDCACBP,0.0
BGLUTDECHOe,0.0
FAOXC161C141m,0.0
BTNTe,0.0
FAOXC161C141x,0.0
CARPEPT1tc,0.0
CYSSNAT5tc,3.5481220657277
CYSTLEUrBATtc,0.0
HEXDIACtr,0.0
HEXDICOAACBPx,0.0
HIVCACBP,0.0
GALSGLT1le,0.0
HIVCRNe,0.0
FAOXC161C161OHm,0.0
HTDCACBP,0.0
HTDCRNe,0.0
IVCOAACBP,0.0
GLNATB0tc,0.0
GLYPHEPEPT1tc,0.0
GUMDCHAe,0.0
IVCRNe,0.0
LGNCCOAtcx_1,0.0
GUMGCHLe,0.0
NRVNCCOAtxc,0.0
GUMTCHOLe,0.0
OCD11COACPT1_1,0.0
FAOXC162C162OHm,0.0
OCT11EFATP_1,0.0
OCTDECCPT1,0.0
HISSNAT5tc,1.6649061032863852
HISyLATtc,0.0
FAOXC163C142x,0.0
HPETFABP1tc,0.0
LEUATB0tc,0.0
LEUGLYPEPT1tc,0.0
LEULEULAPc,0.0
LEULEUPEPT1tc,0.0
OCTDECE1CRNe,0.0
OMHDEACIDTD,0.0
SBCOAACOTx,0.0
SCP21cx,0.0
LINOFATPtc,0.0
METATB0tc,0.0
NACHORCTL3le,0.0
OLEICFATPtc,0.0
FAOXC163C164Gm,0.0
ORNALArBATtc,0.0
FAOXC163C164x,0.0
ORNLEUrBATtc,0.0
PECGCHLe,0.0
PHEATB0tc,0.0
PHEyLATthc,0.0
PROIMINOtc,0.0
PSYGCHe,0.0
FAOXC163Gm,0.0
THMATPe,0.0
TRPATB0tc,0.0
TYRATB0tc,0.0
VALATB0tc,0.0
VITEtl,0.0
FAOXC163x,0.0
3AIB_Dtm,0.0
3HCO3_NAt,0.0
FAOXC164C143m,0.0
4ABUTtcn,0.0
4HPROLTASCT1,0.0
ADNt5,0.0
FAOXC164C143x,0.0
AHCYStm,0.0
FADDPle,0.0
FAOXC164C163x,0.0
FE2DMT1,0.0
FOLt2,0.0
ALA_DTDe,0.0
ASPDTDe,0.0
ASPPROASCT1,0.9465962441314554
BTNt3i,0.0
FRDPtcr,0.0
G6PDH2c,0.0
FAOXC164C165m,0.0
GLU5SAtmc,0.0
G3PDm,0.0
GNDc,0.0
GSNt5,0.0
HYPTROXe,0.0
CHSTEROLtrc,0.0
CRNtp,-5.889470765158072e-18
CYTDt5,0.0
Coqe,0.0
DCTPtm_cho,0.0
DGTPtm_cho,0.0
DM_taur_c,1.0753293220658955
DM_pmtcoa_r,0.0
DSREDUCr,0.0
INSK,0.0
FAOXC164m,0.0
LACLt,0.0
DTMPKm,0.0
DTTPtm_cho,0.0
MAL_Ltx,0.0
FAOXC164x,0.0
FAOXC165C164m,0.0
MDHp,0.0
SPRMti,0.0
TAURt,0.0
URIt5,0.2946009389671362
q10h2tc,0.0
34HPPte,0.0
3MOBte,0.0
3MOPt,0.0
4HPRO_LTte,0.0
5MTAte,0.0
5OXPROt,0.0
AICARte,0.0
ANTHte,0.0
NADtm,0.0
NADtx,0.0
OCDCAFATPc,0.0
CBASPte,0.0
DM_4hpro_LT_m,0.0
DM_Lcystin_c,0.0
DM_ncam_c,0.0
PHEMEt,0.0
PNTEHe,0.0
PPItm,-0.03974232094448276
PRO_Dtde,0.0
PTPATe,0.0
Q10H2e,0.0
RTOTAL2FATPc,0.0
RTOTALFATPc,0.0
SFCYSc,0.0
MALt,0.0
SFCYSe,0.0
IDOURte,0.0
5HOXINDOAtr,0.0
TCHOLABCtc,0.0
TYRB0AT3tc,0.0
VALB0AT3tc,0.0
CGMPt,0.0
PEPtr,0.0
GUDACtr,0.0
GUDACtr2,0.0
LKYNRtr,0.0
CALAtr,0.0
KYNATEtr2,0.0
3ANTHRNtr,0.0
GALt4,0.0
GLCt4,0.5281690140845072
HKYNRtr,0.0
DMGLYtr,0.0
ETHAMPtr,0.0
MANt4,0.0
TCHOLAt3,0.0
TRPt,0.0
FUMtr,0.0
G3PCt,0.0
GLCURtr,0.0
XANt,0.1602112676056338
RETt,0.0
ALAPAT4te,0.0
AVITE1t,0.0
L_LACt4r,0.0
GLYCLm,0.0
ARGSUCte,0.0
3PGtr,0.0
GLYC3tr,0.0
ACRNte,0.0
PCRNte,0.0
ARACHDFATPtc,0.0
STCRNte,0.0
BUTSMCT1,0.0
Clt,0.0
DM_ascb__L_c,0.0
PCREATte,0.0
BGLYte,0.0
15KPROSTGF2c,0.0
ADPOHc,0.0
AND19ONEc,0.0
DESAT14_9,0.0
21HPRGNLONE,0.0
HMCRNc,0.0
CRNATBtc,0.0
DHEASABCCte,0.0
DOPAENT4tc,0.0
XOLEST182CEH,0.0
XOLEST226CEH,0.0
ESTRAABCtc,0.0
BILIVERDt,0.0
ESTRSABCtc,0.0
C02356t,0.0
C02712te,0.0
C02712tm,0.0
FOLABCCte,0.0
C03990tr,0.0
FOLOAT2tc,0.0
C03990tx,0.0
C04483t2,0.0
C04717ATP,0.0
FACOAE160,0.0
GPDDACHOL,0.0
ACLYSHYc,0.0
ELAIDCRNte,0.0
GLYC2P3Pc,0.0
LNLCCRNNAt,0.0
PHLACHt,0.0
C04805td,0.0
C05463t1,0.0
C05463t2,0.0
C05953t,0.0
C06314t,0.0
C06439t,0.0
12HPETATP,0.0
15HPETATP,0.0
C11695td,0.0
21HPRGNLONEt1,0.0
C14768td,0.0
2OXOADPt,0.0
GABABGTtc,0.0
3HPPNOHGLUCte,0.0
GLUB0AT3tc,0.0
3HPPt,0.0
3MHISt1,0.0
3MHISt2,0.0
3MOXTYRt,0.0
3UIBtd,0.0
56DTHMt,0.0
C14770ATP,0.0
C14826ATP,0.0
CE0328t,0.0
56DURAtd,0.0
7DHCHSTEROLtd,0.0
CE1243ATP,0.0
GLYB0AT3tc,0.0
CE1556td,0.0
CE2028t,0.0
ACGLUtd,0.0
ACGLYte,0.0
ACORNt,0.0
NRVNCt,0.0
CE4843td,0.0
ACTHRtc,0.0
CE6247t,0.0
H2OGLYAQPt,0.0
CE7083t,0.0
ACTHRte,0.0
AND19ONEt,0.0
CE7172ATP,0.0
ILEB0AT3tc,0.0
LEUB0AT3tc,0.0
DODECANACt,0.0
DODECANACtd,0.0
ELAIDCRNtd,0.0
LGNCFATPtc,0.0
METB0AT3tc,0.0
NACSMCTte,0.0
PGLYCABCte,0.0
PHEMEABCte,0.0
GALTt,0.0
PPASMCT1,0.0
GLYC2Pte,0.0
GLYCLTt,0.0
HC00319t2,0.0
HC00900t1,0.0
HC00900t2,0.0
HC00900t3,0.0
PROPAT4te,0.0
HC00900t4,0.0
FORGLUt,0.0
HEXDIACATP,0.0
PYRSMCT1,0.0
HGENTISt,0.0
HMCRNt,0.0
HXCOAx,0.0
RETABCtc,0.0
LCYSTt,0.0
LEUKTRB4WCOOHt,0.0
LEUKTRB4WOHt,0.0
PHACGLYt,0.0
ESTRIOLATP,0.0
r1528,0.0
LEUKTRB4WOHtr,0.0
LNLCCRNtd,0.0
LPIPECOLt,0.0
SERB0AT3tc,0.0
LTHSTRLABCt,0.0
MI1Pt,0.0
NWHARGtd,0.0
TTDCEAt,0.0
SRTNENT4tc,0.0
7KLITCHOLc,0.0
HC02197c,0.0
HC02198c,0.0
DCHOLESTANCOAc,0.0
HC02195te,0.0
HC02196te,0.0
PSERtr,0.0
TETDECA511ACt,0.0
TXB2c,0.0
TXB2t,0.0
ACILEtm,0.0
ACLEUm,0.0
ACLEUtm,0.0
HC02220te,0.0
G3PD1irm,0.0
DM_k_c,0.0
BZCOAFm,0.0
BGLYFm,0.0
PHACCOAGLYACm,0.0
PHEACGLYsec,0.0
ACHOMtm,0.0
ACHOMte,0.0
PCRESOLup,0.0
NORMETEt,0.0
C05300t,0.0
RETINALt,0.0
MALTTTRt,0.0
1MNCAMt,0.0
ALAGLYLYSt,0.0
ALALYSTHRt,0.0
ARGALAALAt,0.0
ARGALAPHEt,0.0
ARGALATHRt,0.0
ARGARGt,0.0
ARGARGLYSt,0.0
ARGARGMETt,0.0
ARGCYSSERt,0.0
ARGGLUPROt,0.0
ARGHISTHRt,0.0
ARGPROMETt,0.0
ARGPROTHRt,0.0
GLNPROGLUt,0.0
GLNTRPGLUt,0.0
GLNTYRLEUt,0.0
GLUARGLEUt,0.0
GLUASNLEUt,0.0
GLUGLUt,0.0
GLUILELYSt,0.0
GLUMETt,0.0
GLUMETHISt,0.0
ASNASNARGt,0.0
ASPALAARGt,0.0
ASPASNGLUt,0.0
ASPGLUPROt,0.0
ASPGLUTRPt,0.0
ASPHISCYSt,0.0
ASPHISPROt,0.0
ASPLYSGLUt,0.0
ASPLYSHISt,0.0
GLUTHRLYSt,0.0
GLYVALHISt,0.0
HISASPt,0.0
HISGLNALAt,0.0
HISGLYLYSt,0.0
HISLYSALAt,0.0
HISLYSILEt,0.0
ASPMETASPt,0.0
ASPPROLYSt,0.0
ASPVALASNt,0.0
CYSASNMETt,0.0
HISLYSVALt,0.0
HISMETt,0.0
CYSASPPHEt,0.0
CYSGLUHISt,0.0
CYSGLUTRPt,0.0
CYSLEUTHRt,0.0
CYSSERMETt,0.0
ILEASNHISt,0.0
ILEGLYARGt,0.0
ILEPROLYSt,0.0
ILESERARGt,0.0
LEUASNASPt,0.0
LEUASPLYSt,0.0
LEUPROt,0.0
GLNHISLYSt,0.0
LEUPROARGt,0.0
LEUTRPt,0.0
LEUTRPARGt,0.0
LEUVALt,0.0
LYSARGLEUt,0.0
SERTRPHISt,0.0
LYSGLNPHEt,0.0
LYSGLUGLUt,0.0
LYSLYSLYSt,0.0
LYSTYRILEt,0.0
THRHISHISt,0.0
THRILEARGt,0.0
THRPHEARGt,0.0
LYSVALPHEt,0.0
METARGLEUt,0.0
METGLNTYRt,0.0
THRSERARGt,0.0
THRTYRMETt,0.0
TRPARGALAt,0.0
METGLYARGt,0.0
TRPASPASPt,0.0
TRPGLNGLNt,0.0
TRPGLUGLYt,0.0
TRPGLULEUt,0.0
TRPGLUTYRt,0.0
METTRPPHEt,0.0
PHEASNMETt,0.0
PHEASPt,0.0
PHELEUt,0.0
PHELEUASPt,0.0
PHELEUHISt,0.0
TRPGLYPHEt,0.0
TRPGLYVALt,0.0
TRPILETRPt,0.0
PHELYSALAt,0.0
PHELYSPROt,0.0
PHEPHEASNt,0.0
PHEPHETHRt,0.0
TRPLEUVALt,0.0
TRPMETARGt,0.0
TRPPHEt,0.0
TRPPROLEUt,0.0
TRPSERTYRt,0.0
PHETHRLYSt,0.0
PHETYRGLNt,0.0
PROARGASPt,0.0
PROASNCYSt,0.0
TRPTHRILEt,0.0
TRPTHRTYRt,0.0
TRPTYRGLNt,0.0
PROGLNPROt,0.0
PROHISt,0.0
PROHISTYRt,0.0
PROLEUARGt,0.0
PROLYSPROt,0.0
TRPVALASPt,0.0
TYRALAt,0.0
TYRASPARGt,0.0
TYRGLUt,0.0
TYRLEUARGt,0.0
TYRPHETYRt,0.0
PROPROPROt,0.0
PROTRPTHRt,0.0
SERARGTRPt,0.0
TYRVALMETt,0.0
SERLYSHISt,0.0
VALARGGLYt,0.0
VALHISASNt,0.0
VALLYSTYRt,0.0
VALPROTRPt,0.0
GLYLYSPHEr,0.0
VALTRPPHEt,0.0
VALVALt,0.0
ALAARGCYSr,0.0
GLYTYRLYSr,0.0
GLYVALHISr,0.0
HISGLUr,0.0
HISGLUGLNr,0.0
HISHISLYSr,0.0
ALAARGGLYr,0.0
ALAASNLEUr,0.0
ALAGLYLYSr,0.0
ALAHISALAr,0.0
ARGALAALAr,0.0
ARGALATHRr,0.0
HISLYSILEr,0.0
HISLYSTHRr,0.0
HISLYSVALr,0.0
HISMETGLNr,0.0
HISTRPHISr,0.0
ILEARGILEr,0.0
ILEGLNGLUr,0.0
ILEGLYARGr,0.0
ILEPROLYSr,0.0
ILETRPTYRr,0.0
ARGARGLYSr,0.0
ARGARGMETr,0.0
ARGLEUPHEr,0.0
ARGPHEARGr,0.0
LEUASPLYSr,0.0
LEULEUTRPr,0.0
ARGPROMETr,0.0
LEUPROr,0.0
LEUPROARGr,0.0
ARGPROTHRr,0.0
ARGVALCYSr,0.0
ASNASNARGr,0.0
ASPALAARGr,0.0
LEUSERTRPr,0.0
LEUTYRTYRr,0.0
LYSCYSHISr,0.0
LYSLYSLYSr,0.0
ASPGLUPROr,0.0
ASPGLUTRPr,0.0
LYSTRPARGr,0.0
LYSVALPHEr,0.0
METASNTYRr,0.0
METPHEARGr,0.0
ASPHISCYSr,0.0
ASPHISPROr,0.0
ASPLYSGLUr,0.0
ASPMETASPr,0.0
ASPPROLYSr,0.0
ASPVALASNr,0.0
CYSASNMETr,0.0
PHELEUr,0.0
PHELEUASPr,0.0
PHELEUHISr,0.0
PHELYSALAr,0.0
PHELYSPROr,0.0
CYSASPPHEr,0.0
CYSCYSr,0.0
CYSGLUTRPr,0.0
CYSLEUTHRr,0.0
CYSSERMETr,0.0
PHEPHETHRr,0.0
PHEPROARGr,0.0
PHESERTRPr,0.0
PROARGCYSr,0.0
CYSTYRASNr,0.0
GLNASNGLNr,0.0
PROGLNPROr,0.0
GLNLYSLYSr,0.0
PROHISr,0.0
PROHISTYRr,0.0
PROLEUARGr,0.0
GLNLYSTRPr,0.0
GLUASNLEUr,0.0
GLUGLUr,0.0
GLUILELYSr,0.0
GLULEUr,0.0
GLUMETr,0.0
GLUTHRLYSr,0.0
PROLYSPROr,0.0
PROPHEr,0.0
PROPROARGr,0.0
PROPROPROr,0.0
PROTRPTHRr,0.0
PROVALGLNr,0.0
XOLEST226_HSte,0.0
PCHOLN281_HSte,0.0
ACRNtr,0.0
ODECRNtr,0.0
PMTCRNtr,0.0
XOLEST183tl,0.0
SERCYSARGr,0.0
SERGLYGLUr,0.0
SERLYSHISr,0.0
SERTRPHISr,0.0
THRASNTYRr,0.0
THRGLNTYRr,0.0
THRILEARGr,0.0
XOLEST205tl,0.0
PHEACGLYtm,0.0
HXAt1,0.0
HXAt2,0.0
THRMETARGr,0.0
THRTYRMETr,0.0
HXAt3,0.0
TTDCEAc,0.0
PACCOALm,0.0
PACALDtm,0.0
TRPALAPROr,0.0
TRPGLUTYRr,0.0
TRPGLYVALr,0.0
TRPILETRPr,0.0
TRPLEUVALr,0.0
TRPLYSr,0.0
TRPMETARGr,0.0
BZtm,0.0
TRPPHEr,0.0
TRPPROVALr,0.0
TRPSERTYRr,0.0
TRPTHRILEr,0.0
TRPTYRGLNr,0.0
PA_HStm,0.0
FldAct,0.2394641640077732
TYRALAr,0.0
TYRARGSERr,0.0
TYRCYSTHRr,0.0
TYRGLUr,0.0
MMALtm,0.0
PGPP_hsc,0.0
CE2512te,0.0
TYRTYRr,0.0
TYRVALMETr,0.0
VALLEUPHEr,0.0
VALPROTRPr,0.0
r2514m,0.0
VALTRPVALr,0.0
TRPGLYASPr,0.0
HOMOVALte,0.0
XOLEST182_HSte,0.0
XOLEST205_HSte,0.0
FAS180,0.02267560651864424
5AOPt2,0.0
ACNAMt2,0.0
CORE5t,0.0
CORE8t,0.0
CA2t,0.0
MK7t,0.0
MK9t,0.0
SK_adprbp_c,0.0
SK_bandmt_c,0.0
STN_ANTIGENt,0.0
SK_for_c,0.0
SK_mi1345p_c,0.0
SK_mi134p_c,0.0
SK_mi145p_c,0.0
DM_pchol_hs_c,0.0
ETHAt,0.0
r2444,0.0
LPAMt,0.0
DM_mqn10_c,0.0
DM_mqn7_c,0.0
DM_mqn8_c,0.0
HCYSte,0.0
PPPGO,0.0
SPRMt2i,0.0
THMMPtrbc,0.0
THMtrbc,0.0
UNK3,0.0
ACNAMtr,0.0
DM_mqn9_c,0.0
GNCORE1t,0.0
GNCORE2t,0.0
3HMPtm,0.0
ACGLUtm,0.0
LPAMtm,0.0
r2535m,0.0
CE2934t,0.0
ASP1DC,0.0
ESTR2r,0.0
PGLYCtm,0.0
BPNT,0.0
SK_Tyr_ggn_c,0.0
DM_avite1_c,0.0
BUTt2r,0.0
FPGS7_1,0.0
FTHFCL,0.0
DHPR,0.0
SK_thf_c,-12.395885313861054
GLYLEUHYDROc,0.0
GLYLEUPEPT1tc,0.0
GLYPROPRO1c,0.0
MAN1PT2,0.0
DXTRNt,0.0
DHCHOLESTANATEATP,0.0
URIDK2r,0.0
DHCHOLESTANATEt,0.0
r0220_1,347.0792479907066
r0318,347.0792479907066
r0398,0.14209701740094524
r0422,0.0
THCHOLSTOICATP,0.0
XOL7AONEATP,0.0
TMDPK,21.323323741198212
ACYP,0.0
7KILTCHOLATP,0.0
NADN,0.0
CITL,0.0
MALT,0.0
CSND,0.23896220163969192
MI4PP,0.0
NT5C,0.0
NMNHYD,0.0
PRFGS,0.0
PYDXNK,0.0
AHCi,0.2848869465398336
GALT,0.0
XYLt,0.0
GLYALDDr,0.0
MTHFR2,0.0
ARGORNt7,0.0
PYDXNtr,0.0
PYDAMtr,0.0
IMACTD,0.0
PYRt2,0.0
ACGAM2E,0.0
MBCOAi,0.0
MCCC,0.0
MGCH,0.0
APTNAT,1.8667017479186407
GLCOAS,1.8667017479186412
GLUTCOADHc,1.866701747918641
OXPTNDH,1.8667017479186412
PPRDNDH,1.866701747918641
DAPAT,1.866701747918641
AMID2,-1.8660256695482375e-16
AOP,-1.8660256695482375e-16
UREA,-4.069834038178491
FORGLUIH2,0.631476279962921
NFORGLUAH2,0.631476279962921
KYN,0.5199331324714219
34HPPOR,1.0865020102928635
HGNTOR,1.086502010292864
GLU_Dt2,0.0
OPAH,0.0
MMAte,0.0
MAOX,0.0
ADtr,0.0
GAMtex,0.0
GAMptspp,0.0
ACGApts,0.3703051643192488
UPPN,0.43273841099319665
HIUH_c,2.3124107338804745
5HPUDICDC_c,2.312410733880474
URO_c,2.3124107338804745
5APTNabcpp,0.0
5APTNtex,0.0
ALAGLYtr,0.0
ALAHIStr,0.0
ALALEUt,0.0
